Fecha;Close
27-06-2006;343
28-06-2006;342
29-06-2006;348
30-06-2006;345
03-07-2006;341
04-07-2006;341
05-07-2006;340
06-07-2006;339
07-07-2006;339
10-07-2006;339
11-07-2006;346
12-07-2006;338
13-07-2006;336
14-07-2006;336
17-07-2006;333
18-07-2006;341
19-07-2006;341
20-07-2006;341
21-07-2006;336
24-07-2006;341
25-07-2006;336
26-07-2006;336
27-07-2006;336
28-07-2006;336
31-07-2006;345
01-08-2006;338
02-08-2006;351
03-08-2006;341
04-08-2006;341
07-08-2006;341
08-08-2006;341
09-08-2006;341
10-08-2006;361
11-08-2006;356
14-08-2006;351
16-08-2006;361
17-08-2006;370
18-08-2006;370
21-08-2006;364
22-08-2006;367
23-08-2006;361
24-08-2006;361
25-08-2006;365
28-08-2006;370
29-08-2006;375
30-08-2006;373
31-08-2006;375
01-09-2006;380
04-09-2006;375
05-09-2006;375
06-09-2006;375
07-09-2006;375
08-09-2006;370
11-09-2006;370
12-09-2006;366
13-09-2006;370
14-09-2006;371
15-09-2006;371
20-09-2006;371
21-09-2006;370
22-09-2006;368
25-09-2006;364
26-09-2006;370
27-09-2006;372
28-09-2006;371
29-09-2006;375
02-10-2006;371
03-10-2006;364
04-10-2006;372
05-10-2006;376
06-10-2006;381
10-10-2006;387
11-10-2006;386
12-10-2006;384
13-10-2006;384
16-10-2006;387
17-10-2006;387
18-10-2006;385
19-10-2006;384
20-10-2006;386
23-10-2006;388
24-10-2006;390
25-10-2006;388
26-10-2006;388
27-10-2006;388
30-10-2006;375
31-10-2006;380
02-11-2006;375
03-11-2006;376
06-11-2006;380
07-11-2006;390
08-11-2006;390
09-11-2006;390
10-11-2006;390
13-11-2006;386
14-11-2006;390
15-11-2006;390
16-11-2006;390
17-11-2006;390
20-11-2006;382
21-11-2006;382
22-11-2006;381
23-11-2006;395
24-11-2006;393
27-11-2006;390
28-11-2006;388
29-11-2006;396
30-11-2006;405
01-12-2006;404
04-12-2006;402
05-12-2006;400
06-12-2006;403
07-12-2006;397
11-12-2006;397
12-12-2006;393
13-12-2006;391
14-12-2006;390
15-12-2006;398
18-12-2006;400
19-12-2006;399
20-12-2006;398
21-12-2006;404
22-12-2006;402
26-12-2006;399
27-12-2006;404
28-12-2006;402
29-12-2006;402
02-01-2007;406
03-01-2007;419
04-01-2007;414
05-01-2007;414
08-01-2007;419
09-01-2007;424
10-01-2007;414
11-01-2007;417
12-01-2007;417
15-01-2007;424
16-01-2007;432
17-01-2007;448
18-01-2007;443
19-01-2007;449
22-01-2007;458
23-01-2007;451
24-01-2007;450
25-01-2007;443
26-01-2007;453
29-01-2007;448
30-01-2007;446
31-01-2007;447
01-02-2007;448
02-02-2007;451
05-02-2007;450
06-02-2007;448
07-02-2007;453
08-02-2007;455
09-02-2007;453
12-02-2007;451
13-02-2007;448
14-02-2007;443
15-02-2007;445
16-02-2007;450
19-02-2007;446
20-02-2007;440
21-02-2007;433
22-02-2007;434
23-02-2007;424
26-02-2007;419
27-02-2007;409
28-02-2007;409
01-03-2007;424
02-03-2007;414
05-03-2007;405
06-03-2007;414
07-03-2007;414
08-03-2007;421
09-03-2007;424
12-03-2007;424
13-03-2007;425
14-03-2007;419
15-03-2007;424
16-03-2007;424
19-03-2007;429
20-03-2007;424
21-03-2007;429
22-03-2007;425
23-03-2007;430
26-03-2007;431
27-03-2007;429
28-03-2007;431
29-03-2007;431
30-03-2007;430
02-04-2007;429
03-04-2007;427
04-04-2007;425
05-04-2007;425
09-04-2007;424
10-04-2007;428
11-04-2007;429
12-04-2007;434
13-04-2007;429
16-04-2007;448
17-04-2007;439
18-04-2007;439
19-04-2007;439
20-04-2007;444
23-04-2007;443
24-04-2007;439
25-04-2007;439
26-04-2007;460
27-04-2007;466
30-04-2007;463
02-05-2007;461
03-05-2007;468
04-05-2007;477
07-05-2007;473
08-05-2007;468
09-05-2007;470
10-05-2007;468
11-05-2007;490
14-05-2007;482
15-05-2007;478
16-05-2007;497
17-05-2007;500
18-05-2007;516
22-05-2007;505
23-05-2007;509
24-05-2007;514
25-05-2007;512
28-05-2007;516
29-05-2007;507
30-05-2007;511
31-05-2007;507
01-06-2007;507
04-06-2007;507
05-06-2007;507
06-06-2007;509
07-06-2007;492
08-06-2007;493
11-06-2007;502
12-06-2007;499
13-06-2007;502
14-06-2007;505
15-06-2007;507
18-06-2007;507
19-06-2007;512
20-06-2007;519
21-06-2007;517
22-06-2007;521
25-06-2007;517
26-06-2007;512
27-06-2007;508
28-06-2007;512
29-06-2007;517
03-07-2007;519
04-07-2007;517
05-07-2007;517
06-07-2007;512
09-07-2007;516
10-07-2007;517
11-07-2007;512
12-07-2007;516
13-07-2007;510
17-07-2007;509
18-07-2007;507
19-07-2007;507
20-07-2007;507
23-07-2007;507
24-07-2007;502
25-07-2007;502
26-07-2007;497
27-07-2007;497
30-07-2007;497
31-07-2007;492
01-08-2007;492
02-08-2007;492
03-08-2007;492
06-08-2007;487
07-08-2007;481
08-08-2007;482
09-08-2007;473
10-08-2007;463
13-08-2007;468
14-08-2007;453
16-08-2007;437
17-08-2007;448
20-08-2007;453
21-08-2007;453
22-08-2007;461
23-08-2007;459
24-08-2007;463
27-08-2007;463
28-08-2007;458
29-08-2007;468
30-08-2007;468
31-08-2007;470
03-09-2007;474
04-09-2007;473
05-09-2007;470
06-09-2007;470
07-09-2007;463
10-09-2007;458
11-09-2007;458
12-09-2007;458
13-09-2007;463
14-09-2007;466
20-09-2007;468
21-09-2007;468
24-09-2007;466
25-09-2007;463
26-09-2007;464
27-09-2007;467
28-09-2007;467
01-10-2007;463
02-10-2007;463
03-10-2007;463
04-10-2007;466
05-10-2007;473
08-10-2007;465
09-10-2007;477
10-10-2007;473
11-10-2007;473
12-10-2007;478
16-10-2007;477
17-10-2007;482
18-10-2007;478
19-10-2007;474
22-10-2007;473
23-10-2007;468
24-10-2007;463
25-10-2007;458
26-10-2007;453
29-10-2007;453
30-10-2007;468
31-10-2007;470
02-11-2007;471
05-11-2007;463
06-11-2007;463
07-11-2007;458
08-11-2007;458
09-11-2007;457
12-11-2007;456
13-11-2007;453
14-11-2007;448
15-11-2007;446
16-11-2007;445
19-11-2007;446
20-11-2007;445
21-11-2007;438
22-11-2007;438
23-11-2007;440
26-11-2007;419
27-11-2007;429
28-11-2007;428
29-11-2007;420
30-11-2007;419
03-12-2007;419
04-12-2007;419
05-12-2007;421
06-12-2007;422
07-12-2007;424
10-12-2007;420
11-12-2007;423
12-12-2007;421
13-12-2007;414
14-12-2007;409
17-12-2007;400
18-12-2007;400
19-12-2007;400
20-12-2007;405
21-12-2007;405
24-12-2007;405
26-12-2007;407
27-12-2007;409
28-12-2007;414
02-01-2008;409
03-01-2008;398
04-01-2008;390
07-01-2008;385
08-01-2008;385
09-01-2008;370
10-01-2008;385
11-01-2008;392
14-01-2008;390
15-01-2008;390
16-01-2008;390
17-01-2008;380
18-01-2008;390
21-01-2008;375
22-01-2008;390
24-01-2008;380
28-01-2008;375
29-01-2008;385
30-01-2008;390
31-01-2008;390
01-02-2008;385
05-02-2008;385
06-02-2008;390
07-02-2008;390
11-02-2008;390
13-02-2008;395
14-02-2008;395
18-02-2008;385
19-02-2008;380
20-02-2008;375
21-02-2008;375
25-02-2008;380
27-02-2008;390
28-02-2008;390
03-03-2008;390
04-03-2008;370
05-03-2008;369
07-03-2008;380
11-03-2008;380
12-03-2008;390
13-03-2008;390
17-03-2008;380
18-03-2008;389
19-03-2008;389
25-03-2008;388
26-03-2008;388
27-03-2008;388
01-04-2008;388
02-04-2008;388
03-04-2008;390
04-04-2008;388
07-04-2008;390
08-04-2008;390
09-04-2008;390
10-04-2008;390
11-04-2008;390
14-04-2008;390
15-04-2008;395
16-04-2008;401
17-04-2008;405
18-04-2008;419
21-04-2008;419
22-04-2008;409
23-04-2008;409
24-04-2008;409
25-04-2008;409
28-04-2008;405
29-04-2008;404
30-04-2008;403
02-05-2008;400
05-05-2008;400
06-05-2008;398
07-05-2008;390
09-05-2008;389
13-05-2008;389
14-05-2008;380
15-05-2008;380
16-05-2008;375
19-05-2008;375
20-05-2008;375
22-05-2008;375
26-05-2008;375
27-05-2008;380
28-05-2008;380
29-05-2008;375
03-06-2008;375
04-06-2008;370
05-06-2008;372
06-06-2008;372
09-06-2008;370
10-06-2008;370
11-06-2008;370
12-06-2008;370
13-06-2008;385
16-06-2008;374
17-06-2008;370
18-06-2008;362
19-06-2008;370
20-06-2008;374
24-06-2008;361
25-06-2008;375
26-06-2008;375
27-06-2008;370
30-06-2008;370
02-07-2008;331
03-07-2008;370
09-07-2008;366
14-07-2008;356
17-07-2008;351
18-07-2008;346
21-07-2008;351
22-07-2008;356
23-07-2008;356
24-07-2008;356
28-07-2008;356
29-07-2008;353
30-07-2008;361
31-07-2008;361
01-08-2008;357
04-08-2008;355
05-08-2008;361
06-08-2008;366
08-08-2008;365
11-08-2008;361
12-08-2008;366
13-08-2008;356
18-08-2008;380
19-08-2008;381
20-08-2008;381
21-08-2008;390
22-08-2008;395
25-08-2008;398
26-08-2008;398
29-08-2008;395
01-09-2008;395
02-09-2008;400
03-09-2008;409
04-09-2008;400
05-09-2008;390
08-09-2008;400
09-09-2008;390
10-09-2008;385
15-09-2008;386
16-09-2008;385
17-09-2008;385
23-09-2008;385
25-09-2008;384
26-09-2008;380
29-09-2008;351
30-09-2008;352
01-10-2008;355
02-10-2008;342
03-10-2008;361
06-10-2008;341
07-10-2008;328
08-10-2008;302
09-10-2008;302
10-10-2008;292
13-10-2008;311
14-10-2008;312
15-10-2008;312
16-10-2008;297
17-10-2008;302
20-10-2008;307
21-10-2008;312
22-10-2008;307
23-10-2008;312
24-10-2008;312
27-10-2008;307
30-10-2008;307
03-11-2008;312
04-11-2008;341
05-11-2008;341
06-11-2008;341
07-11-2008;352
10-11-2008;351
11-11-2008;351
12-11-2008;351
13-11-2008;351
14-11-2008;351
17-11-2008;351
18-11-2008;352
19-11-2008;361
20-11-2008;361
21-11-2008;361
24-11-2008;341
25-11-2008;341
26-11-2008;341
27-11-2008;341
28-11-2008;351
01-12-2008;341
02-12-2008;356
09-12-2008;351
10-12-2008;351
11-12-2008;354
15-12-2008;351
16-12-2008;346
18-12-2008;356
22-12-2008;351
23-12-2008;352
26-12-2008;352
29-12-2008;356
30-12-2008;366
02-01-2009;361
06-01-2009;351
08-01-2009;351
09-01-2009;351
12-01-2009;351
13-01-2009;355
15-01-2009;370
16-01-2009;380
19-01-2009;390
20-01-2009;385
23-01-2009;385
27-01-2009;385
29-01-2009;390
30-01-2009;400
03-02-2009;400
05-02-2009;409
06-02-2009;407
10-02-2009;414
13-02-2009;414
16-02-2009;414
19-02-2009;405
23-02-2009;405
24-02-2009;409
26-02-2009;405
27-02-2009;409
04-03-2009;405
05-03-2009;395
10-03-2009;385
11-03-2009;390
12-03-2009;386
13-03-2009;386
16-03-2009;386
17-03-2009;386
18-03-2009;386
19-03-2009;400
24-03-2009;400
25-03-2009;409
26-03-2009;412
31-03-2009;416
01-04-2009;419
02-04-2009;417
07-04-2009;419
09-04-2009;419
13-04-2009;418
15-04-2009;409
16-04-2009;409
17-04-2009;400
20-04-2009;400
21-04-2009;400
23-04-2009;400
27-04-2009;391
28-04-2009;391
29-04-2009;390
30-04-2009;390
04-05-2009;381
05-05-2009;375
06-05-2009;385
07-05-2009;390
08-05-2009;395
11-05-2009;405
12-05-2009;405
13-05-2009;405
14-05-2009;405
15-05-2009;409
18-05-2009;414
19-05-2009;419
20-05-2009;410
22-05-2009;400
25-05-2009;400
26-05-2009;414
27-05-2009;419
28-05-2009;414
29-05-2009;414
01-06-2009;429
02-06-2009;428
03-06-2009;428
04-06-2009;429
05-06-2009;429
08-06-2009;424
09-06-2009;427
10-06-2009;439
11-06-2009;448
12-06-2009;453
15-06-2009;453
16-06-2009;458
17-06-2009;453
18-06-2009;451
19-06-2009;453
22-06-2009;434
23-06-2009;434
24-06-2009;434
25-06-2009;434
26-06-2009;434
30-06-2009;424
01-07-2009;429
02-07-2009;428
07-07-2009;427
08-07-2009;419
09-07-2009;419
10-07-2009;424
13-07-2009;429
14-07-2009;434
15-07-2009;442
20-07-2009;442
21-07-2009;443
22-07-2009;448
23-07-2009;453
28-07-2009;443
30-07-2009;446
31-07-2009;452
03-08-2009;451
04-08-2009;453
05-08-2009;453
06-08-2009;458
07-08-2009;463
10-08-2009;478
11-08-2009;487
12-08-2009;502
13-08-2009;507
14-08-2009;497
17-08-2009;497
18-08-2009;497
19-08-2009;487
20-08-2009;486
21-08-2009;487
24-08-2009;486
25-08-2009;485
26-08-2009;485
27-08-2009;487
28-08-2009;487
01-09-2009;487
03-09-2009;487
09-09-2009;486
10-09-2009;486
11-09-2009;487
14-09-2009;487
15-09-2009;486
16-09-2009;478
17-09-2009;478
21-09-2009;482
22-09-2009;481
23-09-2009;481
24-09-2009;481
25-09-2009;468
28-09-2009;458
29-09-2009;460
30-09-2009;460
01-10-2009;460
02-10-2009;460
05-10-2009;458
06-10-2009;458
07-10-2009;458
08-10-2009;460
13-10-2009;460
14-10-2009;459
15-10-2009;459
16-10-2009;453
19-10-2009;453
20-10-2009;453
21-10-2009;448
22-10-2009;448
23-10-2009;453
26-10-2009;458
27-10-2009;458
28-10-2009;450
29-10-2009;457
30-10-2009;453
02-11-2009;453
03-11-2009;453
04-11-2009;453
05-11-2009;453
06-11-2009;453
09-11-2009;453
10-11-2009;453
11-11-2009;456
13-11-2009;447
16-11-2009;439
17-11-2009;438
18-11-2009;437
19-11-2009;437
20-11-2009;429
23-11-2009;424
24-11-2009;429
25-11-2009;434
26-11-2009;425
27-11-2009;425
30-11-2009;425
02-12-2009;429
03-12-2009;429
04-12-2009;434
09-12-2009;434
10-12-2009;437
11-12-2009;443
14-12-2009;452
15-12-2009;448
16-12-2009;443
17-12-2009;443
18-12-2009;441
21-12-2009;440
22-12-2009;437
23-12-2009;437
28-12-2009;439
29-12-2009;439
30-12-2009;451
04-01-2010;452
05-01-2010;458
06-01-2010;468
07-01-2010;478
08-01-2010;478
11-01-2010;478
12-01-2010;477
13-01-2010;478
14-01-2010;473
15-01-2010;472
18-01-2010;468
19-01-2010;468
20-01-2010;468
25-01-2010;468
28-01-2010;467
29-01-2010;467
01-02-2010;458
02-02-2010;458
04-02-2010;453
05-02-2010;448
08-02-2010;446
09-02-2010;453
10-02-2010;463
12-02-2010;453
15-02-2010;453
17-02-2010;453
18-02-2010;453
19-02-2010;448
22-02-2010;443
23-02-2010;443
25-02-2010;448
01-03-2010;468
02-03-2010;497
03-03-2010;486
04-03-2010;485
05-03-2010;487
08-03-2010;487
09-03-2010;487
10-03-2010;487
11-03-2010;487
12-03-2010;497
15-03-2010;497
16-03-2010;495
17-03-2010;492
18-03-2010;495
19-03-2010;495
22-03-2010;495
23-03-2010;495
24-03-2010;502
25-03-2010;502
26-03-2010;497
29-03-2010;497
30-03-2010;497
31-03-2010;497
01-04-2010;497
05-04-2010;496
06-04-2010;496
07-04-2010;492
08-04-2010;492
09-04-2010;496
12-04-2010;492
13-04-2010;492
14-04-2010;502
15-04-2010;478
16-04-2010;478
21-04-2010;472
22-04-2010;468
23-04-2010;468
28-04-2010;467
29-04-2010;468
30-04-2010;482
03-05-2010;469
05-05-2010;475
06-05-2010;482
07-05-2010;484
10-05-2010;484
11-05-2010;478
12-05-2010;478
13-05-2010;478
14-05-2010;478
17-05-2010;478
18-05-2010;482
19-05-2010;487
20-05-2010;490
24-05-2010;497
25-05-2010;492
27-05-2010;502
28-05-2010;502
31-05-2010;507
01-06-2010;517
02-06-2010;534
03-06-2010;546
04-06-2010;541
07-06-2010;546
08-06-2010;556
09-06-2010;560
10-06-2010;562
11-06-2010;560
14-06-2010;559
15-06-2010;565
16-06-2010;565
17-06-2010;580
18-06-2010;601
21-06-2010;609
22-06-2010;618
23-06-2010;614
24-06-2010;614
25-06-2010;614
29-06-2010;604
30-06-2010;604
01-07-2010;609
02-07-2010;612
05-07-2010;612
06-07-2010;614
07-07-2010;615
08-07-2010;623
09-07-2010;621
12-07-2010;624
13-07-2010;625
14-07-2010;629
15-07-2010;634
19-07-2010;634
20-07-2010;638
21-07-2010;688
22-07-2010;702
23-07-2010;702
26-07-2010;712
27-07-2010;738
28-07-2010;765
29-07-2010;760
30-07-2010;751
02-08-2010;721
03-08-2010;726
04-08-2010;722
05-08-2010;721
06-08-2010;725
09-08-2010;725
10-08-2010;725
11-08-2010;712
12-08-2010;709
13-08-2010;709
16-08-2010;697
17-08-2010;703
18-08-2010;721
19-08-2010;740
20-08-2010;735
23-08-2010;751
24-08-2010;734
25-08-2010;726
26-08-2010;726
27-08-2010;726
30-08-2010;726
31-08-2010;726
01-09-2010;726
02-09-2010;731
03-09-2010;725
06-09-2010;741
07-09-2010;741
08-09-2010;742
09-09-2010;762
10-09-2010;806
13-09-2010;833
14-09-2010;887
15-09-2010;941
16-09-2010;900
21-09-2010;916
22-09-2010;895
23-09-2010;870
24-09-2010;877
27-09-2010;894
28-09-2010;920
30-09-2010;960
01-10-2010;975
04-10-2010;999
05-10-2010;1017
06-10-2010;989
07-10-2010;955
08-10-2010;956
12-10-2010;960
13-10-2010;970
14-10-2010;970
15-10-2010;970
18-10-2010;950
19-10-2010;965
20-10-2010;968
21-10-2010;969
22-10-2010;965
25-10-2010;968
26-10-2010;966
27-10-2010;968
28-10-2010;962
29-10-2010;970
02-11-2010;975
03-11-2010;989
04-11-2010;1023
05-11-2010;1004
08-11-2010;1002
09-11-2010;992
10-11-2010;976
11-11-2010;975
12-11-2010;1004
15-11-2010;977
16-11-2010;970
17-11-2010;1014
18-11-2010;1036
19-11-2010;1062
22-11-2010;1072
23-11-2010;1050
24-11-2010;1053
25-11-2010;1038
26-11-2010;1058
29-11-2010;1043
30-11-2010;1043
01-12-2010;1041
02-12-2010;1043
03-12-2010;1043
06-12-2010;1058
07-12-2010;1134
09-12-2010;1139
10-12-2010;1145
13-12-2010;1127
14-12-2010;1113
15-12-2010;1106
16-12-2010;1111
17-12-2010;1108
20-12-2010;1076
21-12-2010;1041
22-12-2010;1013
23-12-2010;1042
24-12-2010;1052
27-12-2010;1036
28-12-2010;1023
29-12-2010;1043
30-12-2010;1040
03-01-2011;1038
04-01-2011;1038
05-01-2011;1081
06-01-2011;1128
07-01-2011;1155
10-01-2011;1180
11-01-2011;1197
12-01-2011;1201
13-01-2011;1166
17-01-2011;1169
18-01-2011;1169
19-01-2011;1161
20-01-2011;1150
21-01-2011;1136
24-01-2011;1113
25-01-2011;1109
26-01-2011;1082
27-01-2011;1077
28-01-2011;1071
31-01-2011;1053
01-02-2011;1062
02-02-2011;1047
03-02-2011;1004
04-02-2011;1014
07-02-2011;1014
08-02-2011;1019
09-02-2011;999
10-02-2011;1009
11-02-2011;1053
14-02-2011;1058
15-02-2011;1067
16-02-2011;1077
17-02-2011;1058
18-02-2011;1043
21-02-2011;1004
22-02-2011;984
23-02-2011;951
24-02-2011;960
25-02-2011;975
28-02-2011;972
01-03-2011;946
02-03-2011;943
04-03-2011;988
07-03-2011;975
08-03-2011;956
09-03-2011;950
10-03-2011;944
11-03-2011;926
14-03-2011;902
15-03-2011;945
16-03-2011;930
17-03-2011;926
18-03-2011;915
21-03-2011;938
22-03-2011;975
23-03-2011;984
24-03-2011;1004
25-03-2011;1020
28-03-2011;1019
29-03-2011;984
30-03-2011;989
31-03-2011;983
01-04-2011;1004
04-04-2011;1021
05-04-2011;999
06-04-2011;976
07-04-2011;975
08-04-2011;970
11-04-2011;951
12-04-2011;944
13-04-2011;950
14-04-2011;945
15-04-2011;955
18-04-2011;962
19-04-2011;965
20-04-2011;975
21-04-2011;971
25-04-2011;975
26-04-2011;975
27-04-2011;965
28-04-2011;975
29-04-2011;975
02-05-2011;986
03-05-2011;972
04-05-2011;946
05-05-2011;965
06-05-2011;975
09-05-2011;975
10-05-2011;975
11-05-2011;965
12-05-2011;970
13-05-2011;974
16-05-2011;975
17-05-2011;964
18-05-2011;955
19-05-2011;970
20-05-2011;975
23-05-2011;955
24-05-2011;965
25-05-2011;970
26-05-2011;975
27-05-2011;975
30-05-2011;965
31-05-2011;989
01-06-2011;989
02-06-2011;975
03-06-2011;965
06-06-2011;955
07-06-2011;975
08-06-2011;950
09-06-2011;957
10-06-2011;950
13-06-2011;927
14-06-2011;927
15-06-2011;913
16-06-2011;910
17-06-2011;926
20-06-2011;927
21-06-2011;927
22-06-2011;928
23-06-2011;925
24-06-2011;915
28-06-2011;926
29-06-2011;906
30-06-2011;915
01-07-2011;918
04-07-2011;918
05-07-2011;931
06-07-2011;911
07-07-2011;906
08-07-2011;916
11-07-2011;906
12-07-2011;902
13-07-2011;897
14-07-2011;891
15-07-2011;895
18-07-2011;887
19-07-2011;885
20-07-2011;867
21-07-2011;867
22-07-2011;867
25-07-2011;876
26-07-2011;867
27-07-2011;838
28-07-2011;828
29-07-2011;827
01-08-2011;838
02-08-2011;839
03-08-2011;809
04-08-2011;760
05-08-2011;745
08-08-2011;666
09-08-2011;679
10-08-2011;694
11-08-2011;712
12-08-2011;731
16-08-2011;756
17-08-2011;848
18-08-2011;795
19-08-2011;780
22-08-2011;795
23-08-2011;864
24-08-2011;893
25-08-2011;863
26-08-2011;858
29-08-2011;876
30-08-2011;870
31-08-2011;877
01-09-2011;877
02-09-2011;867
05-09-2011;839
06-09-2011;842
07-09-2011;842
08-09-2011;838
09-09-2011;824
12-09-2011;804
13-09-2011;808
14-09-2011;794
15-09-2011;780
16-09-2011;780
20-09-2011;780
21-09-2011;770
22-09-2011;730
23-09-2011;746
26-09-2011;731
27-09-2011;733
28-09-2011;721
29-09-2011;719
30-09-2011;706
03-10-2011;702
04-10-2011;682
05-10-2011;678
06-10-2011;702
07-10-2011;710
11-10-2011;736
12-10-2011;721
13-10-2011;712
14-10-2011;726
17-10-2011;734
18-10-2011;722
19-10-2011;743
20-10-2011;755
21-10-2011;757
24-10-2011;799
25-10-2011;801
26-10-2011;838
27-10-2011;858
28-10-2011;853
02-11-2011;853
03-11-2011;859
04-11-2011;858
07-11-2011;867
08-11-2011;896
09-11-2011;879
10-11-2011;906
11-11-2011;921
14-11-2011;926
15-11-2011;902
16-11-2011;911
17-11-2011;897
18-11-2011;906
21-11-2011;887
22-11-2011;887
23-11-2011;872
24-11-2011;867
25-11-2011;883
28-11-2011;887
29-11-2011;882
30-11-2011;901
01-12-2011;889
02-12-2011;895
05-12-2011;894
06-12-2011;894
07-12-2011;892
09-12-2011;892
12-12-2011;892
13-12-2011;885
14-12-2011;887
15-12-2011;913
16-12-2011;901
19-12-2011;905
20-12-2011;880
21-12-2011;870
22-12-2011;870
23-12-2011;869
26-12-2011;867
27-12-2011;861
28-12-2011;857
29-12-2011;854
30-12-2011;870
02-01-2012;865
03-01-2012;860
04-01-2012;850
05-01-2012;850
06-01-2012;850
09-01-2012;848
10-01-2012;842
11-01-2012;845
12-01-2012;840
13-01-2012;845
16-01-2012;848
17-01-2012;865
18-01-2012;870
19-01-2012;905
20-01-2012;933
23-01-2012;922
24-01-2012;930
25-01-2012;920
26-01-2012;930
27-01-2012;930
30-01-2012;930
31-01-2012;940
01-02-2012;958
02-02-2012;960
03-02-2012;970
06-02-2012;982
07-02-2012;1000
08-02-2012;1050
09-02-2012;1060
10-02-2012;1050
13-02-2012;1060
14-02-2012;1035
15-02-2012;1039
16-02-2012;1060
17-02-2012;1061
20-02-2012;1050
21-02-2012;1059
22-02-2012;1060
23-02-2012;1052
24-02-2012;1050
27-02-2012;1050
28-02-2012;1049
29-02-2012;1068
01-03-2012;1060
02-03-2012;1060
05-03-2012;1060
06-03-2012;1046
07-03-2012;1040
08-03-2012;1059
09-03-2012;1080
12-03-2012;1069
13-03-2012;1066
14-03-2012;1070
15-03-2012;1063
16-03-2012;1068
19-03-2012;1070
20-03-2012;1065
21-03-2012;1078
22-03-2012;1070
23-03-2012;1080
26-03-2012;1100
27-03-2012;1103
28-03-2012;1102
29-03-2012;1105
30-03-2012;1125
02-04-2012;1157
03-04-2012;1147
04-04-2012;1139
05-04-2012;1144
09-04-2012;1135
10-04-2012;1135
11-04-2012;1145
12-04-2012;1150
13-04-2012;1160
16-04-2012;1187
17-04-2012;1194
18-04-2012;1180
19-04-2012;1178
20-04-2012;1180
23-04-2012;1174
24-04-2012;1160
25-04-2012;1160
26-04-2012;1150
27-04-2012;1145
30-04-2012;1164
02-05-2012;1160
03-05-2012;1149
04-05-2012;1165
07-05-2012;1145
08-05-2012;1130
09-05-2012;1125
10-05-2012;1124
11-05-2012;1131
14-05-2012;1120
15-05-2012;1085
16-05-2012;1080
17-05-2012;1068
18-05-2012;1080
22-05-2012;1085
23-05-2012;1080
24-05-2012;1075
25-05-2012;1080
28-05-2012;1080
29-05-2012;1091
30-05-2012;1087
31-05-2012;1098
01-06-2012;1095
04-06-2012;1078
05-06-2012;1080
06-06-2012;1084
07-06-2012;1100
08-06-2012;1094
11-06-2012;1093
12-06-2012;1099
13-06-2012;1100
14-06-2012;1117
15-06-2012;1169
18-06-2012;1174
19-06-2012;1180
20-06-2012;1200
21-06-2012;1185
22-06-2012;1175
25-06-2012;1173
26-06-2012;1189
27-06-2012;1198
28-06-2012;1200
29-06-2012;1220
03-07-2012;1239
04-07-2012;1239
05-07-2012;1238
06-07-2012;1209
09-07-2012;1204
10-07-2012;1189
11-07-2012;1162
12-07-2012;1146
13-07-2012;1180
17-07-2012;1190
18-07-2012;1176
19-07-2012;1175
20-07-2012;1180
23-07-2012;1171
24-07-2012;1160
25-07-2012;1156
26-07-2012;1160
27-07-2012;1160
30-07-2012;1150
31-07-2012;1161
01-08-2012;1165
02-08-2012;1150
03-08-2012;1165
06-08-2012;1164
07-08-2012;1160
08-08-2012;1152
09-08-2012;1149
10-08-2012;1156
13-08-2012;1148
14-08-2012;1167
16-08-2012;1163
17-08-2012;1170
20-08-2012;1157
21-08-2012;1168
22-08-2012;1153
23-08-2012;1165
24-08-2012;1163
27-08-2012;1156
28-08-2012;1163
29-08-2012;1144
30-08-2012;1133
31-08-2012;1129
03-09-2012;1120
04-09-2012;1128
05-09-2012;1135
06-09-2012;1145
07-09-2012;1165
10-09-2012;1160
11-09-2012;1167
12-09-2012;1164
13-09-2012;1167
14-09-2012;1170
20-09-2012;1180
21-09-2012;1170
24-09-2012;1157
25-09-2012;1156
26-09-2012;1141
27-09-2012;1157
28-09-2012;1154
01-10-2012;1150
02-10-2012;1140
03-10-2012;1135
04-10-2012;1138
05-10-2012;1139
08-10-2012;1135
09-10-2012;1135
10-10-2012;1125
11-10-2012;1118
12-10-2012;1120
16-10-2012;1103
17-10-2012;1119
18-10-2012;1126
19-10-2012;1105
22-10-2012;1101
23-10-2012;1107
24-10-2012;1122
25-10-2012;1135
26-10-2012;1135
29-10-2012;1145
30-10-2012;1150
31-10-2012;1155
05-11-2012;1152
06-11-2012;1140
07-11-2012;1126
08-11-2012;1135
09-11-2012;1126
12-11-2012;1130
13-11-2012;1120
14-11-2012;1118
15-11-2012;1122
16-11-2012;1130
19-11-2012;1135
20-11-2012;1144
21-11-2012;1145
22-11-2012;1140
23-11-2012;1134
26-11-2012;1134
27-11-2012;1122
28-11-2012;1120
29-11-2012;1120
30-11-2012;1115
03-12-2012;1114
04-12-2012;1110
05-12-2012;1100
06-12-2012;1096
07-12-2012;1079
10-12-2012;1060
11-12-2012;1070
12-12-2012;1099
13-12-2012;1108
14-12-2012;1105
17-12-2012;1107
18-12-2012;1125
19-12-2012;1135
20-12-2012;1140
21-12-2012;1130
24-12-2012;1140
26-12-2012;1145
27-12-2012;1154
28-12-2012;1154
02-01-2013;1168
03-01-2013;1175
04-01-2013;1191
07-01-2013;1185
08-01-2013;1186
09-01-2013;1146
10-01-2013;1155
11-01-2013;1160
14-01-2013;1159
15-01-2013;1155
16-01-2013;1164
17-01-2013;1176
18-01-2013;1201
21-01-2013;1198
22-01-2013;1200
23-01-2013;1190
24-01-2013;1205
25-01-2013;1210
28-01-2013;1200
29-01-2013;1225
30-01-2013;1217
31-01-2013;1215
01-02-2013;1224
04-02-2013;1240
05-02-2013;1236
06-02-2013;1247
07-02-2013;1266
08-02-2013;1265
11-02-2013;1281
12-02-2013;1297
13-02-2013;1285
14-02-2013;1300
15-02-2013;1311
18-02-2013;1295
19-02-2013;1340
20-02-2013;1311
21-02-2013;1278
22-02-2013;1290
25-02-2013;1295
26-02-2013;1299
27-02-2013;1300
28-02-2013;1320
01-03-2013;1320
04-03-2013;1338
05-03-2013;1348
06-03-2013;1343
07-03-2013;1340
08-03-2013;1326
11-03-2013;1327
12-03-2013;1315
13-03-2013;1310
14-03-2013;1335
15-03-2013;1338
18-03-2013;1330
19-03-2013;1320
20-03-2013;1320
21-03-2013;1310
22-03-2013;1305
25-03-2013;1300
26-03-2013;1285
27-03-2013;1279
28-03-2013;1297
01-04-2013;1295
02-04-2013;1290
03-04-2013;1280
04-04-2013;1250
05-04-2013;1219
08-04-2013;1215
09-04-2013;1239
10-04-2013;1265
11-04-2013;1277
12-04-2013;1273
15-04-2013;1252
16-04-2013;1256
17-04-2013;1245
18-04-2013;1245
19-04-2013;1236
22-04-2013;1228
23-04-2013;1270
24-04-2013;1270
25-04-2013;1270
26-04-2013;1248
29-04-2013;1240
30-04-2013;1239
02-05-2013;1209
03-05-2013;1208
06-05-2013;1238
07-05-2013;1229
08-05-2013;1232
09-05-2013;1237
10-05-2013;1250
13-05-2013;1255
14-05-2013;1250
15-05-2013;1240
16-05-2013;1220
17-05-2013;1215
20-05-2013;1225
22-05-2013;1220
23-05-2013;1191
24-05-2013;1162
27-05-2013;1150
28-05-2013;1130
29-05-2013;1122
30-05-2013;1130
31-05-2013;1123
03-06-2013;1120
04-06-2013;1120
05-06-2013;1120
06-06-2013;1101
07-06-2013;1080
10-06-2013;1062
11-06-2013;1055
12-06-2013;1080
13-06-2013;1102
14-06-2013;1090
17-06-2013;1080
18-06-2013;1080
19-06-2013;1050
20-06-2013;1016
21-06-2013;1033
24-06-2013;1020
25-06-2013;1015
26-06-2013;1010
27-06-2013;1003
28-06-2013;1010
01-07-2013;1005
02-07-2013;980
03-07-2013;965
04-07-2013;967
05-07-2013;959
08-07-2013;955
09-07-2013;940
10-07-2013;925
11-07-2013;929
12-07-2013;910
15-07-2013;932
17-07-2013;929
18-07-2013;960
19-07-2013;951
22-07-2013;951
23-07-2013;948
24-07-2013;940
25-07-2013;945
26-07-2013;920
29-07-2013;900
30-07-2013;884
31-07-2013;890
01-08-2013;925
02-08-2013;921
05-08-2013;900
06-08-2013;889
07-08-2013;864
08-08-2013;893
09-08-2013;885
12-08-2013;890
13-08-2013;871
14-08-2013;861
16-08-2013;850
19-08-2013;840
20-08-2013;850
21-08-2013;840
22-08-2013;834
23-08-2013;840
26-08-2013;838
27-08-2013;813
28-08-2013;805
29-08-2013;800
30-08-2013;829
02-09-2013;805
03-09-2013;797
04-09-2013;815
05-09-2013;827
06-09-2013;855
09-09-2013;887
10-09-2013;861
11-09-2013;861
12-09-2013;869
13-09-2013;884
16-09-2013;890
17-09-2013;890
23-09-2013;900
24-09-2013;900
25-09-2013;885
26-09-2013;885
27-09-2013;894
30-09-2013;890
01-10-2013;903
02-10-2013;900
03-10-2013;898
04-10-2013;890
07-10-2013;875
08-10-2013;855
09-10-2013;860
10-10-2013;859
11-10-2013;875
14-10-2013;875
15-10-2013;880
16-10-2013;879
17-10-2013;875
18-10-2013;875
21-10-2013;866
22-10-2013;862
23-10-2013;863
24-10-2013;859
25-10-2013;859
28-10-2013;850
29-10-2013;860
30-10-2013;855
04-11-2013;838
05-11-2013;857
06-11-2013;862
07-11-2013;875
08-11-2013;868
11-11-2013;859
12-11-2013;855
13-11-2013;800
14-11-2013;817
15-11-2013;840
18-11-2013;830
19-11-2013;825
20-11-2013;825
21-11-2013;818
22-11-2013;818
25-11-2013;820
26-11-2013;800
27-11-2013;810
28-11-2013;815
29-11-2013;849
02-12-2013;825
03-12-2013;805
04-12-2013;810
05-12-2013;810
06-12-2013;808
09-12-2013;800
10-12-2013;802
11-12-2013;802
12-12-2013;802
13-12-2013;795
16-12-2013;795
17-12-2013;785
18-12-2013;785
19-12-2013;780
20-12-2013;780
23-12-2013;776
24-12-2013;775
26-12-2013;780
27-12-2013;805
30-12-2013;795
02-01-2014;798
03-01-2014;806
06-01-2014;812
07-01-2014;815
08-01-2014;816
09-01-2014;820
10-01-2014;815
13-01-2014;830
14-01-2014;820
15-01-2014;839
16-01-2014;830
17-01-2014;830
20-01-2014;830
21-01-2014;835
22-01-2014;833
23-01-2014;834
24-01-2014;820
27-01-2014;809
28-01-2014;775
29-01-2014;760
30-01-2014;770
31-01-2014;780
03-02-2014;745
04-02-2014;750
05-02-2014;760
06-02-2014;798
07-02-2014;820
10-02-2014;830
11-02-2014;835
12-02-2014;832
13-02-2014;831
14-02-2014;829
17-02-2014;828
18-02-2014;823
19-02-2014;807
20-02-2014;808
21-02-2014;811
24-02-2014;810
25-02-2014;826
26-02-2014;840
27-02-2014;842
28-02-2014;855
03-03-2014;850
04-03-2014;860
05-03-2014;865
06-03-2014;888
07-03-2014;905
10-03-2014;900
11-03-2014;906
12-03-2014;900
13-03-2014;895
14-03-2014;900
17-03-2014;900
18-03-2014;900
19-03-2014;900
20-03-2014;906
21-03-2014;911
24-03-2014;905
25-03-2014;910
26-03-2014;915
27-03-2014;915
28-03-2014;915
31-03-2014;916
01-04-2014;950
02-04-2014;942
03-04-2014;925
04-04-2014;930
07-04-2014;933
08-04-2014;940
09-04-2014;945
10-04-2014;935
11-04-2014;923
14-04-2014;928
15-04-2014;920
16-04-2014;930
21-04-2014;925
22-04-2014;926
23-04-2014;920
24-04-2014;920
25-04-2014;911
28-04-2014;926
29-04-2014;923
30-04-2014;918
02-05-2014;915
05-05-2014;915
06-05-2014;915
07-05-2014;915
08-05-2014;915
09-05-2014;915
12-05-2014;915
13-05-2014;915
14-05-2014;915
15-05-2014;935
16-05-2014;945
19-05-2014;945
20-05-2014;945
22-05-2014;940
23-05-2014;932
26-05-2014;930
27-05-2014;914
28-05-2014;900
29-05-2014;881
30-05-2014;881
02-06-2014;859
03-06-2014;848
04-06-2014;835
05-06-2014;822
06-06-2014;817
09-06-2014;815
10-06-2014;819
11-06-2014;819
12-06-2014;800
13-06-2014;800
16-06-2014;796
17-06-2014;770
18-06-2014;771
19-06-2014;790
20-06-2014;785
23-06-2014;785
24-06-2014;806
25-06-2014;790
26-06-2014;786
27-06-2014;790
30-06-2014;789
01-07-2014;790
02-07-2014;795
03-07-2014;800
04-07-2014;816
07-07-2014;800
08-07-2014;794
09-07-2014;815
10-07-2014;820
11-07-2014;840
14-07-2014;851
15-07-2014;860
17-07-2014;850
18-07-2014;840
21-07-2014;827
22-07-2014;820
23-07-2014;825
24-07-2014;830
25-07-2014;825
28-07-2014;825
29-07-2014;840
30-07-2014;860
01-08-2014;866
04-08-2014;866
05-08-2014;851
06-08-2014;850
07-08-2014;856
08-08-2014;864
11-08-2014;856
12-08-2014;850
13-08-2014;852
14-08-2014;850
18-08-2014;860
19-08-2014;884
20-08-2014;915
21-08-2014;881
22-08-2014;885
25-08-2014;918
26-08-2014;917
27-08-2014;916
28-08-2014;910
29-08-2014;929
01-09-2014;950
02-09-2014;960
03-09-2014;970
04-09-2014;970
05-09-2014;970
08-09-2014;970
09-09-2014;1020
10-09-2014;1010
11-09-2014;986
12-09-2014;980
15-09-2014;981
16-09-2014;983
17-09-2014;995
22-09-2014;995
23-09-2014;995
24-09-2014;1000
25-09-2014;985
26-09-2014;1010
29-09-2014;995
30-09-2014;995
01-10-2014;961
02-10-2014;952
03-10-2014;950
06-10-2014;948
07-10-2014;942
08-10-2014;950
09-10-2014;950
10-10-2014;930
13-10-2014;940
14-10-2014;947
15-10-2014;950
16-10-2014;940
17-10-2014;921
20-10-2014;911
21-10-2014;920
22-10-2014;915
23-10-2014;915
24-10-2014;910
27-10-2014;905
28-10-2014;895
29-10-2014;895
30-10-2014;897
03-11-2014;897
04-11-2014;895
05-11-2014;900
06-11-2014;905
07-11-2014;905
10-11-2014;906
11-11-2014;905
12-11-2014;940
13-11-2014;935
14-11-2014;935
17-11-2014;930
18-11-2014;930
19-11-2014;926
20-11-2014;930
21-11-2014;953
24-11-2014;953
25-11-2014;940
26-11-2014;940
27-11-2014;955
28-11-2014;920
01-12-2014;925
02-12-2014;925
03-12-2014;920
04-12-2014;921
05-12-2014;922
09-12-2014;922
10-12-2014;930
11-12-2014;915
12-12-2014;915
15-12-2014;915
16-12-2014;920
17-12-2014;920
18-12-2014;920
19-12-2014;951
22-12-2014;930
23-12-2014;931
24-12-2014;931
26-12-2014;920
29-12-2014;930
30-12-2014;940
02-01-2015;940
05-01-2015;930
06-01-2015;929
07-01-2015;929
08-01-2015;920
09-01-2015;950
13-01-2015;926
14-01-2015;920
15-01-2015;901
16-01-2015;901
20-01-2015;875
21-01-2015;875
22-01-2015;870
23-01-2015;855
26-01-2015;875
27-01-2015;850
28-01-2015;851
29-01-2015;855
30-01-2015;855
03-02-2015;860
04-02-2015;870
05-02-2015;875
06-02-2015;851
09-02-2015;870
10-02-2015;870
11-02-2015;870
12-02-2015;865
13-02-2015;860
16-02-2015;869
17-02-2015;866
18-02-2015;860
19-02-2015;847
20-02-2015;870
23-02-2015;851
24-02-2015;855
25-02-2015;840
26-02-2015;840
02-03-2015;865
03-03-2015;868
04-03-2015;875
05-03-2015;880
06-03-2015;879
09-03-2015;870
10-03-2015;870
11-03-2015;879
12-03-2015;875
13-03-2015;881
16-03-2015;881
17-03-2015;880
18-03-2015;900
19-03-2015;895
20-03-2015;902
23-03-2015;905
24-03-2015;901
25-03-2015;912
26-03-2015;910
27-03-2015;910
30-03-2015;915
31-03-2015;920
01-04-2015;900
02-04-2015;919
06-04-2015;920
07-04-2015;915
08-04-2015;930
09-04-2015;948
10-04-2015;950
13-04-2015;959
14-04-2015;960
16-04-2015;958
17-04-2015;930
20-04-2015;960
21-04-2015;962
22-04-2015;960
23-04-2015;935
24-04-2015;939
27-04-2015;930
28-04-2015;930
29-04-2015;915
30-04-2015;916
04-05-2015;917
05-05-2015;961
06-05-2015;969
07-05-2015;967
08-05-2015;922
11-05-2015;959
12-05-2015;968
13-05-2015;968
14-05-2015;975
15-05-2015;975
18-05-2015;975
19-05-2015;975
20-05-2015;979
26-05-2015;950
27-05-2015;967
28-05-2015;995
29-05-2015;961
01-06-2015;975
02-06-2015;975
03-06-2015;970
04-06-2015;970
05-06-2015;960
08-06-2015;960
09-06-2015;975
10-06-2015;975
12-06-2015;950
15-06-2015;950
16-06-2015;951
17-06-2015;952
18-06-2015;952
19-06-2015;945
22-06-2015;950
23-06-2015;950
24-06-2015;950
25-06-2015;940
26-06-2015;940
30-06-2015;945
01-07-2015;960
02-07-2015;965
03-07-2015;965
06-07-2015;950
07-07-2015;920
08-07-2015;912
09-07-2015;912
10-07-2015;912
13-07-2015;913
14-07-2015;916
15-07-2015;916
17-07-2015;916
20-07-2015;910
21-07-2015;909
22-07-2015;905
23-07-2015;925
24-07-2015;925
27-07-2015;917
28-07-2015;900
29-07-2015;885
30-07-2015;885
31-07-2015;885
03-08-2015;885
04-08-2015;886
05-08-2015;885
06-08-2015;885
07-08-2015;880
10-08-2015;875
11-08-2015;874
12-08-2015;860
13-08-2015;860
14-08-2015;853
17-08-2015;855
18-08-2015;835
19-08-2015;824
20-08-2015;825
24-08-2015;800
25-08-2015;805
26-08-2015;806
27-08-2015;804
28-08-2015;810
31-08-2015;815
02-09-2015;809
03-09-2015;804
07-09-2015;796
08-09-2015;806
09-09-2015;810
10-09-2015;810
11-09-2015;810
14-09-2015;811
16-09-2015;810
17-09-2015;809
21-09-2015;810
22-09-2015;810
23-09-2015;812
24-09-2015;812
25-09-2015;812
28-09-2015;820
29-09-2015;809
30-09-2015;820
01-10-2015;813
02-10-2015;813
05-10-2015;815
06-10-2015;818
07-10-2015;818
08-10-2015;818
09-10-2015;818
14-10-2015;810
15-10-2015;809
16-10-2015;810
19-10-2015;805
20-10-2015;810
21-10-2015;805
22-10-2015;810
23-10-2015;810
26-10-2015;806
27-10-2015;806
28-10-2015;810
29-10-2015;810
30-10-2015;829
02-11-2015;835
03-11-2015;825
04-11-2015;831
06-11-2015;825
09-11-2015;820
11-11-2015;821
12-11-2015;822
13-11-2015;822
16-11-2015;830
17-11-2015;836
18-11-2015;840
19-11-2015;840
20-11-2015;835
23-11-2015;846
24-11-2015;837
25-11-2015;830
26-11-2015;826
27-11-2015;835
30-11-2015;825
01-12-2015;825
02-12-2015;815
03-12-2015;818
04-12-2015;815
07-12-2015;809
09-12-2015;825
10-12-2015;831
11-12-2015;840
14-12-2015;830
15-12-2015;830
16-12-2015;840
17-12-2015;846
21-12-2015;845
22-12-2015;845
23-12-2015;835
28-12-2015;830
29-12-2015;835
30-12-2015;840
04-01-2016;830
05-01-2016;825
06-01-2016;825
07-01-2016;829
08-01-2016;829
11-01-2016;822
12-01-2016;820
13-01-2016;830
14-01-2016;820
15-01-2016;820
18-01-2016;820
19-01-2016;820
20-01-2016;810
21-01-2016;810
22-01-2016;815
25-01-2016;815
26-01-2016;810
27-01-2016;815
28-01-2016;820
29-01-2016;820
01-02-2016;805
02-02-2016;805
03-02-2016;810
04-02-2016;810
05-02-2016;809
08-02-2016;797
09-02-2016;797
11-02-2016;797
12-02-2016;806
15-02-2016;806
16-02-2016;815
17-02-2016;812
18-02-2016;810
19-02-2016;805
23-02-2016;806
24-02-2016;800
25-02-2016;815
26-02-2016;826
29-02-2016;830
01-03-2016;830
02-03-2016;830
03-03-2016;823
04-03-2016;835
07-03-2016;835
08-03-2016;837
09-03-2016;838
10-03-2016;850
14-03-2016;840
16-03-2016;840
17-03-2016;840
18-03-2016;852
21-03-2016;852
22-03-2016;860
23-03-2016;872
24-03-2016;866
28-03-2016;875
29-03-2016;866
30-03-2016;880
31-03-2016;885
01-04-2016;885
04-04-2016;876
05-04-2016;886
06-04-2016;886
07-04-2016;877
08-04-2016;880
11-04-2016;865
12-04-2016;875
13-04-2016;870
14-04-2016;870
15-04-2016;870
18-04-2016;870
19-04-2016;870
22-04-2016;873
25-04-2016;875
26-04-2016;887
27-04-2016;896
28-04-2016;900
29-04-2016;923
02-05-2016;923
03-05-2016;920
04-05-2016;920
05-05-2016;910
06-05-2016;896
09-05-2016;890
10-05-2016;890
11-05-2016;888
12-05-2016;885
13-05-2016;890
16-05-2016;900
17-05-2016;885
18-05-2016;885
19-05-2016;893
20-05-2016;900
23-05-2016;900
24-05-2016;900
25-05-2016;900
26-05-2016;915
27-05-2016;910
30-05-2016;915
31-05-2016;920
01-06-2016;930
02-06-2016;930
03-06-2016;930
06-06-2016;920
07-06-2016;907
08-06-2016;875
09-06-2016;875
10-06-2016;890
13-06-2016;880
14-06-2016;880
15-06-2016;890
16-06-2016;880
17-06-2016;868
