Fecha;Close
19-06-2006;440
20-06-2006;435
21-06-2006;435
22-06-2006;435
23-06-2006;435
27-06-2006;435
28-06-2006;435
29-06-2006;434
30-06-2006;442
03-07-2006;442
04-07-2006;442
05-07-2006;435
07-07-2006;431,5
10-07-2006;430
12-07-2006;428
14-07-2006;425
18-07-2006;425
20-07-2006;421
21-07-2006;421
24-07-2006;421
25-07-2006;421
26-07-2006;425
27-07-2006;425
28-07-2006;440
31-07-2006;440
01-08-2006;440
07-08-2006;440
08-08-2006;435
09-08-2006;433
10-08-2006;440
16-08-2006;440
17-08-2006;445
18-08-2006;445
21-08-2006;445
22-08-2006;445
23-08-2006;445
24-08-2006;455
25-08-2006;455,1
28-08-2006;460
30-08-2006;465
31-08-2006;465,01
05-09-2006;465
06-09-2006;465
07-09-2006;465
08-09-2006;460,09
12-09-2006;465
13-09-2006;470
14-09-2006;470
15-09-2006;468
20-09-2006;470
21-09-2006;460
22-09-2006;460
26-09-2006;460
28-09-2006;465
29-09-2006;465
03-10-2006;465
04-10-2006;465
05-10-2006;470
06-10-2006;470
10-10-2006;480
11-10-2006;485
12-10-2006;490
13-10-2006;490
17-10-2006;490
18-10-2006;495
19-10-2006;495,01
20-10-2006;500
23-10-2006;500
24-10-2006;515
25-10-2006;515
26-10-2006;515
27-10-2006;515,01
30-10-2006;512,5
31-10-2006;512
02-11-2006;500
03-11-2006;500
06-11-2006;500
07-11-2006;510
13-11-2006;510
14-11-2006;510
15-11-2006;510
16-11-2006;518
17-11-2006;515
20-11-2006;510
21-11-2006;510
22-11-2006;510
23-11-2006;510
24-11-2006;511
27-11-2006;512,51
29-11-2006;513
30-11-2006;521,51
01-12-2006;535
04-12-2006;540
05-12-2006;550,5
06-12-2006;551
07-12-2006;555
11-12-2006;555
12-12-2006;560,01
13-12-2006;560,01
14-12-2006;563
15-12-2006;570
19-12-2006;570
20-12-2006;583
21-12-2006;585
26-12-2006;581
27-12-2006;583,1
28-12-2006;590
02-01-2007;590
03-01-2007;600
05-01-2007;615
08-01-2007;615
09-01-2007;610
10-01-2007;604
11-01-2007;604
12-01-2007;609
15-01-2007;608
16-01-2007;610
18-01-2007;595
19-01-2007;600
22-01-2007;605
23-01-2007;605
24-01-2007;620,01
25-01-2007;625
26-01-2007;635
29-01-2007;635
30-01-2007;635,02
31-01-2007;650
01-02-2007;685,1
02-02-2007;699,28
05-02-2007;718
06-02-2007;718
07-02-2007;720
08-02-2007;721,01
09-02-2007;725
12-02-2007;720
13-02-2007;719,9
14-02-2007;715
15-02-2007;710
16-02-2007;699,01
19-02-2007;700
20-02-2007;689
21-02-2007;670
22-02-2007;670
23-02-2007;670
26-02-2007;665
27-02-2007;640
28-02-2007;669,95
01-03-2007;670
02-03-2007;675
05-03-2007;675
06-03-2007;675
07-03-2007;680
08-03-2007;690
09-03-2007;690
12-03-2007;700
13-03-2007;700
14-03-2007;685
15-03-2007;678,5
19-03-2007;689,99
20-03-2007;689,99
21-03-2007;689,99
29-03-2007;690
30-03-2007;685
03-04-2007;681,99
04-04-2007;680
05-04-2007;679,9
10-04-2007;680
11-04-2007;680
12-04-2007;680
13-04-2007;680
16-04-2007;690
17-04-2007;700,01
18-04-2007;700
19-04-2007;700
20-04-2007;705
23-04-2007;704,99
25-04-2007;705
26-04-2007;707
27-04-2007;712,18
30-04-2007;709,9
02-05-2007;690
03-05-2007;700
04-05-2007;714
07-05-2007;716
08-05-2007;720
09-05-2007;725
10-05-2007;718
11-05-2007;720
14-05-2007;715
15-05-2007;715
16-05-2007;715
17-05-2007;715
18-05-2007;715
22-05-2007;708
23-05-2007;709
24-05-2007;700
25-05-2007;690
28-05-2007;695,79
29-05-2007;699,16
30-05-2007;690
31-05-2007;690
01-06-2007;689,9
04-06-2007;690
05-06-2007;690
06-06-2007;680
07-06-2007;690
08-06-2007;689
11-06-2007;688
12-06-2007;686
13-06-2007;680
14-06-2007;686
15-06-2007;683
18-06-2007;679,99
19-06-2007;699,99
20-06-2007;691
21-06-2007;695
22-06-2007;699,99
25-06-2007;700
26-06-2007;700
27-06-2007;700
28-06-2007;708,47
29-06-2007;710
03-07-2007;720
04-07-2007;724,81
05-07-2007;720
06-07-2007;720,01
09-07-2007;723
10-07-2007;720
11-07-2007;725
12-07-2007;725
13-07-2007;724,99
17-07-2007;710
18-07-2007;710
19-07-2007;705
20-07-2007;705
23-07-2007;690
24-07-2007;699,9
25-07-2007;704,5
26-07-2007;707
27-07-2007;695
30-07-2007;690
31-07-2007;690
01-08-2007;690
02-08-2007;690
03-08-2007;689
07-08-2007;685
09-08-2007;682,5
10-08-2007;680
13-08-2007;680
14-08-2007;670
16-08-2007;659,9
17-08-2007;685
21-08-2007;670
22-08-2007;679,99
23-08-2007;670
24-08-2007;670
28-08-2007;660
29-08-2007;659
30-08-2007;650
31-08-2007;660
03-09-2007;665
04-09-2007;665
05-09-2007;665
06-09-2007;665
07-09-2007;665
11-09-2007;660
12-09-2007;650
13-09-2007;648
20-09-2007;640
21-09-2007;640
24-09-2007;640
25-09-2007;640,01
26-09-2007;640
27-09-2007;645
28-09-2007;660
01-10-2007;665
02-10-2007;670
03-10-2007;669,99
04-10-2007;680
05-10-2007;680
08-10-2007;680
09-10-2007;680
10-10-2007;680
11-10-2007;690
12-10-2007;689,99
16-10-2007;689,9
17-10-2007;690
18-10-2007;685
19-10-2007;685
22-10-2007;685
23-10-2007;680
24-10-2007;675
25-10-2007;675
26-10-2007;660,1
29-10-2007;660,1
30-10-2007;660
31-10-2007;680
02-11-2007;665
05-11-2007;650
06-11-2007;650
07-11-2007;642
08-11-2007;641
09-11-2007;650
12-11-2007;650
13-11-2007;650,01
14-11-2007;650
15-11-2007;645
19-11-2007;640
20-11-2007;640
21-11-2007;640
22-11-2007;645
23-11-2007;660
26-11-2007;660
27-11-2007;655
28-11-2007;650
29-11-2007;651
30-11-2007;660
03-12-2007;655
04-12-2007;645
05-12-2007;670
06-12-2007;670
07-12-2007;675
10-12-2007;675
11-12-2007;650
12-12-2007;640
13-12-2007;640
14-12-2007;640
17-12-2007;635
18-12-2007;634,99
19-12-2007;630
20-12-2007;630
21-12-2007;641
24-12-2007;642
26-12-2007;665
27-12-2007;670
28-12-2007;679,99
02-01-2008;680
03-01-2008;665
04-01-2008;660
07-01-2008;655
08-01-2008;630,09
09-01-2008;590
10-01-2008;600
11-01-2008;600
14-01-2008;600
15-01-2008;585
16-01-2008;570,01
17-01-2008;555
18-01-2008;555
21-01-2008;525
22-01-2008;685
23-01-2008;525
24-01-2008;540
25-01-2008;540
28-01-2008;545
29-01-2008;555
30-01-2008;580
31-01-2008;580
01-02-2008;595
04-02-2008;595
05-02-2008;585
06-02-2008;585
07-02-2008;585
08-02-2008;585
11-02-2008;585
12-02-2008;585
13-02-2008;580
14-02-2008;579,9
19-02-2008;580
20-02-2008;580
21-02-2008;575
22-02-2008;575
25-02-2008;580
26-02-2008;580
27-02-2008;580
28-02-2008;580
29-02-2008;578
03-03-2008;578
04-03-2008;570
05-03-2008;565
07-03-2008;555
10-03-2008;550
11-03-2008;530
12-03-2008;530
13-03-2008;525
14-03-2008;526,01
17-03-2008;540
18-03-2008;527,09
19-03-2008;527
20-03-2008;535
24-03-2008;535
25-03-2008;550
26-03-2008;544
27-03-2008;554,99
28-03-2008;555
31-03-2008;549,9
01-04-2008;545
02-04-2008;540
03-04-2008;545
07-04-2008;544,92
08-04-2008;545
09-04-2008;540
11-04-2008;545
14-04-2008;545
15-04-2008;550
16-04-2008;550
17-04-2008;550
18-04-2008;560
21-04-2008;580
22-04-2008;565
23-04-2008;560
24-04-2008;559,9
25-04-2008;559,9
28-04-2008;555
29-04-2008;555
30-04-2008;555
02-05-2008;545
05-05-2008;545
06-05-2008;545
07-05-2008;540
08-05-2008;540
09-05-2008;540
12-05-2008;540
13-05-2008;535
14-05-2008;525
15-05-2008;525
16-05-2008;525
19-05-2008;525
20-05-2008;525,01
22-05-2008;525
23-05-2008;535
26-05-2008;535,1
27-05-2008;545
28-05-2008;542,46
29-05-2008;560
30-05-2008;560
02-06-2008;577
04-06-2008;577
11-06-2008;576,7
12-06-2008;560
13-06-2008;560
17-06-2008;550
18-06-2008;549,99
19-06-2008;530
20-06-2008;540
23-06-2008;538
24-06-2008;525
25-06-2008;530
26-06-2008;530
27-06-2008;530
30-06-2008;530
07-07-2008;509
08-07-2008;500
09-07-2008;500
10-07-2008;500
14-07-2008;500
15-07-2008;499,99
17-07-2008;500
18-07-2008;490
21-07-2008;490
22-07-2008;490
23-07-2008;490
24-07-2008;500
25-07-2008;520
28-07-2008;509,99
29-07-2008;505,01
30-07-2008;535
01-08-2008;525
04-08-2008;525
05-08-2008;525
06-08-2008;525
07-08-2008;525
08-08-2008;525
11-08-2008;520
12-08-2008;520
13-08-2008;520
14-08-2008;520
18-08-2008;521
19-08-2008;520
20-08-2008;520
21-08-2008;520
22-08-2008;520
25-08-2008;515
02-09-2008;514,99
05-09-2008;492,23
08-09-2008;499,95
09-09-2008;494,46
10-09-2008;515
11-09-2008;510
12-09-2008;515
16-09-2008;495
22-09-2008;495
23-09-2008;495
24-09-2008;495
25-09-2008;494,9
26-09-2008;494,9
29-09-2008;494
30-09-2008;480
01-10-2008;475
02-10-2008;465
03-10-2008;450,25
06-10-2008;415,1
07-10-2008;405
08-10-2008;380
09-10-2008;392
10-10-2008;381,11
13-10-2008;415
14-10-2008;440
15-10-2008;440
16-10-2008;415
17-10-2008;425
20-10-2008;431,08
21-10-2008;430
22-10-2008;420
23-10-2008;430
24-10-2008;420
28-10-2008;420
30-10-2008;420
03-11-2008;420
04-11-2008;450
05-11-2008;450
06-11-2008;450
07-11-2008;440
11-11-2008;440
12-11-2008;425
13-11-2008;425
17-11-2008;420
19-11-2008;415
20-11-2008;410
21-11-2008;410
24-11-2008;410
25-11-2008;400
26-11-2008;400,01
27-11-2008;405
28-11-2008;405
02-12-2008;405
03-12-2008;400
05-12-2008;405
09-12-2008;400,1
10-12-2008;404,99
11-12-2008;405
12-12-2008;404,9
15-12-2008;405
16-12-2008;400,1
17-12-2008;410
18-12-2008;410
19-12-2008;410
22-12-2008;410,1
23-12-2008;410
26-12-2008;410
29-12-2008;420
30-12-2008;430
02-01-2009;430
06-01-2009;430
07-01-2009;415
08-01-2009;430
09-01-2009;420,01
12-01-2009;420,01
13-01-2009;435
15-01-2009;450
16-01-2009;460
19-01-2009;455
20-01-2009;457
21-01-2009;480
22-01-2009;484,36
23-01-2009;480
26-01-2009;480
27-01-2009;480
28-01-2009;480
29-01-2009;480
30-01-2009;485
02-02-2009;480
03-02-2009;480
04-02-2009;470
05-02-2009;470
06-02-2009;453
09-02-2009;475
10-02-2009;475
11-02-2009;480
13-02-2009;480
16-02-2009;480
17-02-2009;480
18-02-2009;480
19-02-2009;480
23-02-2009;480
24-02-2009;470
25-02-2009;470
26-02-2009;470
27-02-2009;460
02-03-2009;450
03-03-2009;425
04-03-2009;430
05-03-2009;430
06-03-2009;430
09-03-2009;430
10-03-2009;430
11-03-2009;440
12-03-2009;450
13-03-2009;450
16-03-2009;450
18-03-2009;440
19-03-2009;435
23-03-2009;435
24-03-2009;430
25-03-2009;429,1
26-03-2009;435
27-03-2009;435
30-03-2009;435
31-03-2009;435
01-04-2009;450
02-04-2009;450
03-04-2009;455
06-04-2009;455
07-04-2009;460
08-04-2009;455
13-04-2009;480
14-04-2009;485
15-04-2009;480
16-04-2009;485
17-04-2009;485
20-04-2009;485
21-04-2009;485
22-04-2009;485
23-04-2009;486
24-04-2009;462
27-04-2009;466
28-04-2009;467,49
29-04-2009;467,49
30-04-2009;475
04-05-2009;498,83
05-05-2009;510
06-05-2009;510
07-05-2009;511
08-05-2009;515
11-05-2009;529,57
12-05-2009;524,99
13-05-2009;530
14-05-2009;530
15-05-2009;525
18-05-2009;550
19-05-2009;560
20-05-2009;566
22-05-2009;566
25-05-2009;560
26-05-2009;560
27-05-2009;553,99
28-05-2009;553,99
29-05-2009;554,9
01-06-2009;550
02-06-2009;580
03-06-2009;580
04-06-2009;570,1
05-06-2009;570,1
09-06-2009;560
10-06-2009;575
11-06-2009;580
12-06-2009;585
15-06-2009;611,48
16-06-2009;600
17-06-2009;590
18-06-2009;580
19-06-2009;580,51
22-06-2009;575,01
23-06-2009;575
24-06-2009;575
25-06-2009;575,29
26-06-2009;575,3
30-06-2009;575,3
01-07-2009;575
02-07-2009;575
03-07-2009;570
06-07-2009;570
07-07-2009;565
08-07-2009;550
09-07-2009;550
14-07-2009;540
15-07-2009;547,51
17-07-2009;560
20-07-2009;560
21-07-2009;560
22-07-2009;560
23-07-2009;560
27-07-2009;557,93
28-07-2009;540
29-07-2009;540
30-07-2009;540
31-07-2009;550
03-08-2009;540
04-08-2009;540
05-08-2009;540
06-08-2009;545,88
07-08-2009;550
10-08-2009;545
11-08-2009;550
12-08-2009;560
13-08-2009;560
14-08-2009;560
17-08-2009;555
18-08-2009;554,29
19-08-2009;550
20-08-2009;551
21-08-2009;549
24-08-2009;549
25-08-2009;549
26-08-2009;549
27-08-2009;530
28-08-2009;530,01
31-08-2009;525
01-09-2009;525
02-09-2009;525
03-09-2009;525
04-09-2009;530
07-09-2009;525
08-09-2009;525
09-09-2009;535
10-09-2009;527,02
11-09-2009;525,1
14-09-2009;525,1
15-09-2009;530
16-09-2009;535
17-09-2009;535
21-09-2009;535
22-09-2009;539,99
23-09-2009;540
24-09-2009;530
25-09-2009;530
29-09-2009;539,86
30-09-2009;539,99
01-10-2009;539,99
02-10-2009;540
05-10-2009;540
06-10-2009;545
07-10-2009;545
08-10-2009;549
09-10-2009;547
13-10-2009;547
14-10-2009;550,01
15-10-2009;550
16-10-2009;550
19-10-2009;550
20-10-2009;550
21-10-2009;550,1
22-10-2009;550,1
23-10-2009;580
26-10-2009;580
27-10-2009;580
30-10-2009;561
02-11-2009;560
03-11-2009;560
04-11-2009;550
05-11-2009;555
06-11-2009;555
09-11-2009;555
10-11-2009;557
11-11-2009;560
12-11-2009;560
13-11-2009;560
16-11-2009;550
17-11-2009;550
18-11-2009;550
23-11-2009;550
24-11-2009;550
25-11-2009;550
26-11-2009;530
30-11-2009;535,5
02-12-2009;535,51
03-12-2009;535,5
10-12-2009;535
11-12-2009;532
14-12-2009;532
15-12-2009;532
16-12-2009;530
17-12-2009;520
18-12-2009;538,12
21-12-2009;525
22-12-2009;525
23-12-2009;525
28-12-2009;535
29-12-2009;540
30-12-2009;550
04-01-2010;550
05-01-2010;550
06-01-2010;555
07-01-2010;555
08-01-2010;555
11-01-2010;555
12-01-2010;555
13-01-2010;565
14-01-2010;567,5
15-01-2010;565
18-01-2010;565
19-01-2010;564,96
20-01-2010;570
21-01-2010;580
22-01-2010;570
25-01-2010;570
26-01-2010;575
27-01-2010;565,01
28-01-2010;570
29-01-2010;575,1
01-02-2010;580
02-02-2010;582
03-02-2010;582
04-02-2010;582
08-02-2010;582
09-02-2010;585,1
10-02-2010;580
11-02-2010;590
12-02-2010;600
15-02-2010;600
16-02-2010;615
17-02-2010;615
18-02-2010;630
19-02-2010;633
22-02-2010;650
23-02-2010;649,99
24-02-2010;638
25-02-2010;637,5
26-02-2010;636
01-03-2010;625
02-03-2010;622
03-03-2010;624,99
04-03-2010;624,9
05-03-2010;623
08-03-2010;623
09-03-2010;623
10-03-2010;619,9
11-03-2010;615
12-03-2010;610
15-03-2010;609,99
16-03-2010;605
17-03-2010;605
18-03-2010;605
19-03-2010;620
22-03-2010;620,5
23-03-2010;620
24-03-2010;620
25-03-2010;625
26-03-2010;630
29-03-2010;635
30-03-2010;635
31-03-2010;630
01-04-2010;635
05-04-2010;640
06-04-2010;642,68
07-04-2010;639,99
08-04-2010;640
09-04-2010;640
12-04-2010;640
13-04-2010;640
14-04-2010;630
15-04-2010;632,54
16-04-2010;639
19-04-2010;639
20-04-2010;645
21-04-2010;645
22-04-2010;646
23-04-2010;640
26-04-2010;647
27-04-2010;618,5
28-04-2010;631,68
29-04-2010;660
30-04-2010;650
03-05-2010;648
05-05-2010;625
06-05-2010;634,99
07-05-2010;630
10-05-2010;630
11-05-2010;630
12-05-2010;645
13-05-2010;643
14-05-2010;640
17-05-2010;643
18-05-2010;643
19-05-2010;635
20-05-2010;630
24-05-2010;620
25-05-2010;620
26-05-2010;600
27-05-2010;596,97
28-05-2010;580
31-05-2010;580
01-06-2010;582
02-06-2010;582
03-06-2010;590
04-06-2010;590
07-06-2010;590
08-06-2010;580
09-06-2010;591
10-06-2010;591
14-06-2010;593
15-06-2010;593,1
17-06-2010;600
18-06-2010;616,43
21-06-2010;615
22-06-2010;615
23-06-2010;616
24-06-2010;640,1
25-06-2010;656,85
29-06-2010;650
30-06-2010;643,9
02-07-2010;640
05-07-2010;639,9
06-07-2010;640
07-07-2010;640,01
08-07-2010;640
09-07-2010;646
12-07-2010;650
14-07-2010;650
15-07-2010;660
19-07-2010;660
20-07-2010;660
21-07-2010;650
22-07-2010;650
23-07-2010;640
26-07-2010;640
27-07-2010;649,2
28-07-2010;650
29-07-2010;655
02-08-2010;650
03-08-2010;670
04-08-2010;660
05-08-2010;675
06-08-2010;675
09-08-2010;675
10-08-2010;675
11-08-2010;674,5
12-08-2010;670
13-08-2010;670
16-08-2010;675
17-08-2010;682,5
18-08-2010;686
19-08-2010;690
20-08-2010;700
23-08-2010;710,01
24-08-2010;710
25-08-2010;715
26-08-2010;720
27-08-2010;740
30-08-2010;755
31-08-2010;775
01-09-2010;790
02-09-2010;785
03-09-2010;785
06-09-2010;750
07-09-2010;779,7
08-09-2010;770,97
09-09-2010;800
10-09-2010;800
13-09-2010;799
14-09-2010;790
15-09-2010;790
16-09-2010;800
21-09-2010;800
22-09-2010;789,99
23-09-2010;783
24-09-2010;780
27-09-2010;780
28-09-2010;785
29-09-2010;798,9
30-09-2010;798
01-10-2010;775
04-10-2010;780
05-10-2010;770
06-10-2010;770
07-10-2010;775
08-10-2010;776
12-10-2010;776,01
13-10-2010;778
14-10-2010;778
18-10-2010;778,1
19-10-2010;790
20-10-2010;780
21-10-2010;780
22-10-2010;779,99
25-10-2010;770
26-10-2010;770
27-10-2010;770
02-11-2010;775
03-11-2010;770
04-11-2010;765
05-11-2010;765
08-11-2010;790
09-11-2010;800
10-11-2010;790
11-11-2010;790
12-11-2010;790
15-11-2010;800
16-11-2010;800
17-11-2010;800
18-11-2010;800
19-11-2010;800
22-11-2010;800
23-11-2010;800
24-11-2010;799,8
25-11-2010;800,1
26-11-2010;800,2
29-11-2010;800,1
30-11-2010;810,2
01-12-2010;850
02-12-2010;865
03-12-2010;901
06-12-2010;920
07-12-2010;919,69
09-12-2010;900
10-12-2010;880
13-12-2010;880
14-12-2010;880
15-12-2010;870
16-12-2010;865
17-12-2010;880
20-12-2010;875
21-12-2010;875
22-12-2010;870
23-12-2010;870
24-12-2010;870
27-12-2010;870
28-12-2010;870
29-12-2010;870
30-12-2010;875
03-01-2011;875
04-01-2011;875,01
05-01-2011;900
06-01-2011;900
07-01-2011;901
10-01-2011;912
11-01-2011;920
12-01-2011;960
13-01-2011;990
14-01-2011;1000
17-01-2011;1030
18-01-2011;1049,9
19-01-2011;1045
20-01-2011;1044,9
21-01-2011;1044,9
24-01-2011;1029,9
25-01-2011;1000
26-01-2011;1020
27-01-2011;1020
28-01-2011;1010
31-01-2011;1010
01-02-2011;1000
02-02-2011;960,04
03-02-2011;950
04-02-2011;929
07-02-2011;902,12
08-02-2011;903,01
09-02-2011;890,16
10-02-2011;900
11-02-2011;920
14-02-2011;900
15-02-2011;905
16-02-2011;900
17-02-2011;900
18-02-2011;894,01
21-02-2011;894,01
22-02-2011;890
23-02-2011;880
24-02-2011;882
25-02-2011;879,99
28-02-2011;882
01-03-2011;880
02-03-2011;879,9
03-03-2011;870
04-03-2011;850
07-03-2011;850
08-03-2011;836
09-03-2011;836
10-03-2011;830
11-03-2011;830
14-03-2011;830
15-03-2011;829,93
16-03-2011;828
17-03-2011;830
18-03-2011;830
21-03-2011;830
22-03-2011;830
23-03-2011;851
24-03-2011;870
25-03-2011;869,99
28-03-2011;870
29-03-2011;875,01
30-03-2011;880
31-03-2011;896
01-04-2011;935
04-04-2011;943,99
05-04-2011;943,99
06-04-2011;950
07-04-2011;940
08-04-2011;954
11-04-2011;960,1
12-04-2011;949,9
13-04-2011;950
14-04-2011;950
15-04-2011;950
19-04-2011;942,98
20-04-2011;945
21-04-2011;945
25-04-2011;940
26-04-2011;944
28-04-2011;925
29-04-2011;930
02-05-2011;930
03-05-2011;915,3
04-05-2011;915
05-05-2011;915
06-05-2011;910
09-05-2011;915
10-05-2011;910
11-05-2011;913
12-05-2011;940
13-05-2011;940
16-05-2011;950
17-05-2011;950
18-05-2011;930
19-05-2011;940
20-05-2011;929,9
23-05-2011;939
24-05-2011;930
25-05-2011;930
26-05-2011;930,1
27-05-2011;930
30-05-2011;930
31-05-2011;925
02-06-2011;902
03-06-2011;890
06-06-2011;890
07-06-2011;870
08-06-2011;879
09-06-2011;879
10-06-2011;879
13-06-2011;885
14-06-2011;885
15-06-2011;885
16-06-2011;885
17-06-2011;885
20-06-2011;885
21-06-2011;885
22-06-2011;927,78
23-06-2011;927,78
24-06-2011;900
28-06-2011;900
29-06-2011;895
30-06-2011;886,39
01-07-2011;885
04-07-2011;885
05-07-2011;885
06-07-2011;890
07-07-2011;888,99
08-07-2011;885
11-07-2011;875
12-07-2011;870
13-07-2011;870
14-07-2011;870
15-07-2011;865
18-07-2011;850
19-07-2011;855
20-07-2011;860
21-07-2011;865
22-07-2011;868
25-07-2011;868
26-07-2011;875
27-07-2011;862
28-07-2011;860
29-07-2011;840
01-08-2011;840
02-08-2011;840
03-08-2011;836,77
04-08-2011;790
05-08-2011;766
08-08-2011;736
09-08-2011;738
10-08-2011;738
11-08-2011;790
12-08-2011;798
17-08-2011;815
18-08-2011;815
19-08-2011;815
23-08-2011;814,99
24-08-2011;814,99
29-08-2011;790
30-08-2011;800
31-08-2011;818
01-09-2011;805
05-09-2011;790
06-09-2011;790
07-09-2011;795
08-09-2011;800
09-09-2011;790
12-09-2011;780
13-09-2011;780
14-09-2011;785
20-09-2011;795
21-09-2011;790
22-09-2011;750
23-09-2011;740
26-09-2011;740
27-09-2011;760
28-09-2011;760,11
29-09-2011;780
30-09-2011;778,1
03-10-2011;778
04-10-2011;760
05-10-2011;755
06-10-2011;754
11-10-2011;750
12-10-2011;750
13-10-2011;750
14-10-2011;800
17-10-2011;810
18-10-2011;810
19-10-2011;799
20-10-2011;800,1
24-10-2011;800
25-10-2011;800
26-10-2011;800
27-10-2011;828,94
28-10-2011;850
02-11-2011;850
03-11-2011;850
07-11-2011;850
08-11-2011;850
09-11-2011;850
10-11-2011;850
11-11-2011;860
14-11-2011;859,99
16-11-2011;860
17-11-2011;850
21-11-2011;850
22-11-2011;850
23-11-2011;839
24-11-2011;830
25-11-2011;816
29-11-2011;817
30-11-2011;860
02-12-2011;850
05-12-2011;850
06-12-2011;850
07-12-2011;848
09-12-2011;840
12-12-2011;840
13-12-2011;830
15-12-2011;830
16-12-2011;820
19-12-2011;820
20-12-2011;820
21-12-2011;825
22-12-2011;830
26-12-2011;835
27-12-2011;854,81
28-12-2011;860
29-12-2011;880
30-12-2011;856,19
02-01-2012;865
03-01-2012;890
04-01-2012;900
05-01-2012;900
06-01-2012;900
09-01-2012;940
10-01-2012;915
11-01-2012;914,99
12-01-2012;914
13-01-2012;909
16-01-2012;909
17-01-2012;909
19-01-2012;909
20-01-2012;904
23-01-2012;900
24-01-2012;909
25-01-2012;909
26-01-2012;909
27-01-2012;910
30-01-2012;910
31-01-2012;906
01-02-2012;910
02-02-2012;910
09-02-2012;898
13-02-2012;900
15-02-2012;900
16-02-2012;900
17-02-2012;890
20-02-2012;895
21-02-2012;890
22-02-2012;890
23-02-2012;890
27-02-2012;885
28-02-2012;885
29-02-2012;886
01-03-2012;890
02-03-2012;891
06-03-2012;890
08-03-2012;890
09-03-2012;880
12-03-2012;880
14-03-2012;880
15-03-2012;880
16-03-2012;880
19-03-2012;885
20-03-2012;885
21-03-2012;884
22-03-2012;880
23-03-2012;880
26-03-2012;878,9
27-03-2012;879
28-03-2012;870
29-03-2012;875
30-03-2012;875
02-04-2012;875
03-04-2012;875
05-04-2012;870
09-04-2012;850
10-04-2012;860
11-04-2012;860
12-04-2012;849
13-04-2012;850
16-04-2012;840
17-04-2012;838
18-04-2012;838
19-04-2012;838
20-04-2012;880
23-04-2012;880
24-04-2012;860
25-04-2012;860
26-04-2012;880
30-04-2012;870
02-05-2012;850
03-05-2012;850
04-05-2012;840
07-05-2012;840
09-05-2012;840,01
10-05-2012;830
11-05-2012;830
14-05-2012;845
15-05-2012;840
16-05-2012;840,01
17-05-2012;840
18-05-2012;850,2
22-05-2012;853
23-05-2012;850
24-05-2012;850
25-05-2012;850
28-05-2012;850
29-05-2012;840,1
30-05-2012;840
31-05-2012;850
01-06-2012;850
05-06-2012;875
06-06-2012;885
07-06-2012;885,01
08-06-2012;885
11-06-2012;890,11
12-06-2012;890
13-06-2012;890
15-06-2012;870
18-06-2012;860
19-06-2012;860
20-06-2012;859,9
21-06-2012;860
22-06-2012;860,01
25-06-2012;860
26-06-2012;870
27-06-2012;870
28-06-2012;880
29-06-2012;890
03-07-2012;890
04-07-2012;884,87
05-07-2012;890
06-07-2012;890
09-07-2012;890
11-07-2012;890
12-07-2012;890
18-07-2012;890
19-07-2012;890
20-07-2012;885
23-07-2012;885
25-07-2012;880
26-07-2012;880
27-07-2012;875
30-07-2012;875
01-08-2012;865
02-08-2012;860
03-08-2012;860
06-08-2012;860
07-08-2012;862
08-08-2012;862
10-08-2012;862
13-08-2012;862
14-08-2012;863
16-08-2012;865
17-08-2012;865
21-08-2012;860
22-08-2012;855
23-08-2012;855
24-08-2012;855
27-08-2012;835
28-08-2012;840
29-08-2012;840
30-08-2012;840
31-08-2012;850
03-09-2012;850
04-09-2012;851
05-09-2012;850
06-09-2012;865,01
07-09-2012;880
11-09-2012;870
12-09-2012;870,11
14-09-2012;875
20-09-2012;899,9
21-09-2012;920
24-09-2012;920
25-09-2012;940
26-09-2012;937,5
27-09-2012;955
28-09-2012;952
02-10-2012;940
03-10-2012;940
05-10-2012;950
08-10-2012;955
10-10-2012;1005
11-10-2012;1020
12-10-2012;1000
16-10-2012;990
17-10-2012;990
18-10-2012;990
19-10-2012;990
22-10-2012;999,9
23-10-2012;1000
24-10-2012;1000
25-10-2012;999,94
26-10-2012;1010
29-10-2012;1035
30-10-2012;1040
31-10-2012;1050
05-11-2012;1075
06-11-2012;1075
07-11-2012;1055
08-11-2012;1050
09-11-2012;1045
12-11-2012;1035
13-11-2012;1040
14-11-2012;1040
15-11-2012;1020,6
16-11-2012;1045
19-11-2012;1064,8
20-11-2012;1080
21-11-2012;1079,5
22-11-2012;1080
23-11-2012;1079,9
26-11-2012;1074,9
27-11-2012;1065
28-11-2012;1063
29-11-2012;1063
03-12-2012;1050
04-12-2012;1049,5
05-12-2012;1050
06-12-2012;1055
07-12-2012;1055
10-12-2012;1055
11-12-2012;1065
12-12-2012;1080
13-12-2012;1080,1
14-12-2012;1101
17-12-2012;1120
18-12-2012;1130
19-12-2012;1130
20-12-2012;1149,9
21-12-2012;1146,2
24-12-2012;1149
26-12-2012;1140
27-12-2012;1148,1
28-12-2012;1165
02-01-2013;1154
03-01-2013;1140
04-01-2013;1140,1
07-01-2013;1150
08-01-2013;1156,3
09-01-2013;1140
10-01-2013;1148
11-01-2013;1140
14-01-2013;1139
15-01-2013;1130
16-01-2013;1130
17-01-2013;1135
18-01-2013;1135,1
21-01-2013;1150
22-01-2013;1145
23-01-2013;1164
24-01-2013;1165
25-01-2013;1166
28-01-2013;1180
29-01-2013;1175
30-01-2013;1200
31-01-2013;1220
01-02-2013;1210
04-02-2013;1210
05-02-2013;1190
06-02-2013;1180
07-02-2013;1190
08-02-2013;1190
11-02-2013;1190
12-02-2013;1200
13-02-2013;1238,2
14-02-2013;1238,1
15-02-2013;1250
18-02-2013;1250
19-02-2013;1250
20-02-2013;1230
21-02-2013;1233
22-02-2013;1250
25-02-2013;1250
26-02-2013;1294,4
27-02-2013;1294,9
28-02-2013;1290
01-03-2013;1290
04-03-2013;1289
05-03-2013;1325
06-03-2013;1325
07-03-2013;1306
08-03-2013;1300
11-03-2013;1299
12-03-2013;1295
13-03-2013;1290
14-03-2013;1291
15-03-2013;1291
18-03-2013;1285
19-03-2013;1283
20-03-2013;1290
21-03-2013;1288,9
22-03-2013;1275
25-03-2013;1250
26-03-2013;1250
27-03-2013;1270
28-03-2013;1249,9
01-04-2013;1250
02-04-2013;1248
03-04-2013;1239,9
04-04-2013;1240
05-04-2013;1239,9
08-04-2013;1239,9
09-04-2013;1239
10-04-2013;1240
11-04-2013;1237,9
12-04-2013;1229
15-04-2013;1220
16-04-2013;1220
17-04-2013;1218,8
19-04-2013;1240
22-04-2013;1240
23-04-2013;1250
24-04-2013;1241
25-04-2013;1250,2
26-04-2013;1250
29-04-2013;1250
30-04-2013;1249,9
02-05-2013;1230
03-05-2013;1230
06-05-2013;1229,9
07-05-2013;1225
08-05-2013;1219,9
09-05-2013;1214
10-05-2013;1180
13-05-2013;1170
14-05-2013;1170
15-05-2013;1175
16-05-2013;1180
17-05-2013;1170
20-05-2013;1200
22-05-2013;1210
23-05-2013;1210
24-05-2013;1171,1
27-05-2013;1180
28-05-2013;1180
30-05-2013;1180
31-05-2013;1180
03-06-2013;1190
04-06-2013;1190
05-06-2013;1189
06-06-2013;1180
07-06-2013;1178,8
10-06-2013;1165
11-06-2013;1157
12-06-2013;1140
13-06-2013;1135
14-06-2013;1105,9
17-06-2013;1152,5
18-06-2013;1174,9
19-06-2013;1162,6
20-06-2013;1160
21-06-2013;1155
24-06-2013;1115
25-06-2013;1105
26-06-2013;1098
27-06-2013;1096,9
28-06-2013;1080
01-07-2013;1020
02-07-2013;995
03-07-2013;977,99
04-07-2013;940
05-07-2013;940
08-07-2013;940
09-07-2013;940,1
10-07-2013;940
11-07-2013;949
12-07-2013;940
15-07-2013;940
17-07-2013;960
18-07-2013;997
19-07-2013;1000
22-07-2013;1020
23-07-2013;999,9
24-07-2013;1014,9
25-07-2013;1000
26-07-2013;1015
29-07-2013;1000
31-07-2013;1000
01-08-2013;1000
02-08-2013;1000
05-08-2013;1000
06-08-2013;1000
07-08-2013;999,78
08-08-2013;1000
09-08-2013;1000
12-08-2013;1000
13-08-2013;999,83
14-08-2013;999,9
16-08-2013;998,99
19-08-2013;999,99
20-08-2013;980
21-08-2013;979
22-08-2013;980
23-08-2013;979,99
26-08-2013;980
28-08-2013;980
29-08-2013;980
30-08-2013;970
02-09-2013;970
03-09-2013;950
04-09-2013;948,9
05-09-2013;944,99
06-09-2013;940
09-09-2013;930
10-09-2013;930
11-09-2013;929,99
12-09-2013;929,99
13-09-2013;929,99
16-09-2013;929
17-09-2013;929
23-09-2013;911
24-09-2013;920
25-09-2013;920
26-09-2013;936,41
27-09-2013;935,01
30-09-2013;930
01-10-2013;940
02-10-2013;935
03-10-2013;940
04-10-2013;930
07-10-2013;929,99
08-10-2013;926
09-10-2013;925
10-10-2013;925
11-10-2013;925
14-10-2013;925
15-10-2013;932,5
16-10-2013;910,01
17-10-2013;910,01
18-10-2013;925
21-10-2013;930
22-10-2013;945
23-10-2013;944,9
24-10-2013;945
25-10-2013;944
28-10-2013;944
29-10-2013;940
30-10-2013;940
04-11-2013;939,99
06-11-2013;939,99
07-11-2013;940
08-11-2013;938,9
11-11-2013;930
12-11-2013;927
13-11-2013;875
14-11-2013;890
15-11-2013;890
18-11-2013;890
19-11-2013;899,98
21-11-2013;898
22-11-2013;895
25-11-2013;895
26-11-2013;889
27-11-2013;889
28-11-2013;892,26
29-11-2013;890
02-12-2013;960
03-12-2013;940
04-12-2013;940
05-12-2013;950
06-12-2013;950,1
09-12-2013;948
10-12-2013;969,9
11-12-2013;970
12-12-2013;960
16-12-2013;950
17-12-2013;950
18-12-2013;970
19-12-2013;970
20-12-2013;990
23-12-2013;990
24-12-2013;1000
26-12-2013;1006
27-12-2013;1001
30-12-2013;1009,3
02-01-2014;1010
03-01-2014;1010
06-01-2014;1010
07-01-2014;1009,9
08-01-2014;980,17
09-01-2014;980
10-01-2014;979
13-01-2014;970
14-01-2014;949,5
15-01-2014;920
16-01-2014;932
20-01-2014;920
21-01-2014;923
22-01-2014;920
23-01-2014;930
24-01-2014;930
27-01-2014;920
28-01-2014;920
29-01-2014;920
30-01-2014;918,99
31-01-2014;951
03-02-2014;930
04-02-2014;949,9
05-02-2014;949,9
10-02-2014;945,9
11-02-2014;940
12-02-2014;942
13-02-2014;920
17-02-2014;920
18-02-2014;945
19-02-2014;920
20-02-2014;918
21-02-2014;918
24-02-2014;915
25-02-2014;915
26-02-2014;920
27-02-2014;926,4
28-02-2014;940
03-03-2014;939,9
04-03-2014;930
05-03-2014;940
06-03-2014;940
07-03-2014;920
10-03-2014;920
12-03-2014;900
13-03-2014;900
14-03-2014;899
17-03-2014;876,25
18-03-2014;881
19-03-2014;890
20-03-2014;900
21-03-2014;890
24-03-2014;889,99
25-03-2014;875
26-03-2014;890
27-03-2014;890
28-03-2014;890
31-03-2014;890
01-04-2014;895
02-04-2014;895
03-04-2014;894,9
08-04-2014;870
09-04-2014;880
10-04-2014;890
11-04-2014;899
14-04-2014;900
15-04-2014;900
16-04-2014;898
17-04-2014;898
22-04-2014;880
23-04-2014;920
24-04-2014;900,37
25-04-2014;950
28-04-2014;934,99
29-04-2014;934,98
30-04-2014;915
02-05-2014;920
05-05-2014;920
06-05-2014;919,77
07-05-2014;917
08-05-2014;910
09-05-2014;905
12-05-2014;900
13-05-2014;899
14-05-2014;895
15-05-2014;890
16-05-2014;875
19-05-2014;870
20-05-2014;870
22-05-2014;875
23-05-2014;875,1
26-05-2014;901,13
27-05-2014;900,1
28-05-2014;915
29-05-2014;910
30-05-2014;900
02-06-2014;899
03-06-2014;890
04-06-2014;894,58
05-06-2014;906,57
06-06-2014;910
09-06-2014;912
10-06-2014;912
11-06-2014;902,07
12-06-2014;903
13-06-2014;910
16-06-2014;910
17-06-2014;910
19-06-2014;925
23-06-2014;920
24-06-2014;920
25-06-2014;920
26-06-2014;910
27-06-2014;910,1
30-06-2014;910
01-07-2014;910
02-07-2014;910
03-07-2014;920
04-07-2014;926
07-07-2014;926
08-07-2014;960
09-07-2014;960,2
10-07-2014;975
11-07-2014;985
14-07-2014;985,22
15-07-2014;985,22
17-07-2014;986
21-07-2014;980
22-07-2014;979,99
24-07-2014;978,9
28-07-2014;973
29-07-2014;960
30-07-2014;960
01-08-2014;960
04-08-2014;958
05-08-2014;950
06-08-2014;926
07-08-2014;930
08-08-2014;926
11-08-2014;949,99
12-08-2014;945
13-08-2014;936
14-08-2014;930
19-08-2014;930
20-08-2014;931,5
21-08-2014;931,5
22-08-2014;939,98
25-08-2014;950
26-08-2014;950
27-08-2014;960
28-08-2014;980
29-08-2014;990
01-09-2014;980
02-09-2014;990
03-09-2014;990
04-09-2014;1000
05-09-2014;1000
08-09-2014;1000
09-09-2014;1000
10-09-2014;1000
12-09-2014;999,9
15-09-2014;993
16-09-2014;994
17-09-2014;995
23-09-2014;995
24-09-2014;988,9
25-09-2014;980
26-09-2014;1032
29-09-2014;1020
30-09-2014;1015,5
01-10-2014;1010
02-10-2014;1000
03-10-2014;998,64
06-10-2014;999
07-10-2014;990
08-10-2014;990
09-10-2014;1000
14-10-2014;989,97
15-10-2014;990
16-10-2014;970
17-10-2014;980
20-10-2014;970
21-10-2014;975
22-10-2014;950
23-10-2014;970
24-10-2014;960,01
28-10-2014;970
29-10-2014;970
30-10-2014;970
03-11-2014;969,9
04-11-2014;953
05-11-2014;950
06-11-2014;940
07-11-2014;930
10-11-2014;949,98
11-11-2014;949
12-11-2014;970
13-11-2014;985,4
14-11-2014;985
17-11-2014;975
18-11-2014;970
19-11-2014;975
20-11-2014;975
21-11-2014;980
24-11-2014;980
25-11-2014;955,04
26-11-2014;955,04
27-11-2014;974,99
28-11-2014;985
01-12-2014;1009
02-12-2014;1050
03-12-2014;1070
04-12-2014;1159,3
05-12-2014;1200
09-12-2014;1170,1
10-12-2014;1160
11-12-2014;1160
12-12-2014;1160
15-12-2014;1145
16-12-2014;1139
17-12-2014;1135
18-12-2014;1130
19-12-2014;1109,9
22-12-2014;1105
23-12-2014;1105,9
24-12-2014;1099
26-12-2014;1099
29-12-2014;1050
30-12-2014;1080
05-01-2015;1040
06-01-2015;1050
07-01-2015;1040
08-01-2015;1030
09-01-2015;1010
12-01-2015;1000
13-01-2015;1000
14-01-2015;1000
15-01-2015;998,9
16-01-2015;990
19-01-2015;990
20-01-2015;1003
21-01-2015;1041
22-01-2015;1089,9
23-01-2015;1100
26-01-2015;1079
27-01-2015;1050
28-01-2015;1070,1
29-01-2015;1085
30-01-2015;1100
02-02-2015;1070
03-02-2015;1109
04-02-2015;1100
05-02-2015;1100
06-02-2015;1075
09-02-2015;1075
10-02-2015;1120
11-02-2015;1109,9
12-02-2015;1120,8
13-02-2015;1210
16-02-2015;1230
17-02-2015;1235
18-02-2015;1220
19-02-2015;1199
20-02-2015;1270
23-02-2015;1265
24-02-2015;1280
25-02-2015;1247,7
26-02-2015;1262,8
27-02-2015;1287,5
02-03-2015;1302
03-03-2015;1290
04-03-2015;1295
05-03-2015;1290
06-03-2015;1292,9
09-03-2015;1270
10-03-2015;1250
11-03-2015;1260
12-03-2015;1250
13-03-2015;1250
16-03-2015;1203,7
17-03-2015;1200
18-03-2015;1170,1
19-03-2015;1170
20-03-2015;1170
23-03-2015;1149,9
24-03-2015;1144,9
25-03-2015;1140
26-03-2015;1120
27-03-2015;1125
30-03-2015;1125
31-03-2015;1140
01-04-2015;1170
02-04-2015;1185
06-04-2015;1221,5
07-04-2015;1250
08-04-2015;1287,4
09-04-2015;1280
10-04-2015;1287,4
13-04-2015;1290
14-04-2015;1282
15-04-2015;1289
16-04-2015;1289,9
17-04-2015;1285
21-04-2015;1290
22-04-2015;1250,9
23-04-2015;1252,1
24-04-2015;1269,9
27-04-2015;1270
28-04-2015;1290
29-04-2015;1289
30-04-2015;1289,5
04-05-2015;1290
05-05-2015;1310
06-05-2015;1295
07-05-2015;1304
08-05-2015;1310
11-05-2015;1307
12-05-2015;1310
13-05-2015;1320
14-05-2015;1320
15-05-2015;1318
18-05-2015;1315
19-05-2015;1318
20-05-2015;1325
22-05-2015;1331
25-05-2015;1320
26-05-2015;1320
27-05-2015;1325
28-05-2015;1320,2
29-05-2015;1325
01-06-2015;1299,1
02-06-2015;1280,5
03-06-2015;1278,8
04-06-2015;1250
05-06-2015;1249,9
08-06-2015;1210
09-06-2015;1209,9
10-06-2015;1205
11-06-2015;1205
12-06-2015;1200
15-06-2015;1200
16-06-2015;1195
17-06-2015;1200
18-06-2015;1190
19-06-2015;1180,3
22-06-2015;1190
23-06-2015;1180,1
24-06-2015;1190
25-06-2015;1200
26-06-2015;1200
30-06-2015;1200
01-07-2015;1200
02-07-2015;1240
07-07-2015;1200,1
08-07-2015;1200
09-07-2015;1200
10-07-2015;1250
13-07-2015;1256,5
14-07-2015;1260
15-07-2015;1260
17-07-2015;1265
20-07-2015;1318,3
21-07-2015;1305
22-07-2015;1300
23-07-2015;1278
24-07-2015;1286
27-07-2015;1286
28-07-2015;1286
29-07-2015;1260
30-07-2015;1250
31-07-2015;1270
03-08-2015;1279
04-08-2015;1285
05-08-2015;1288
06-08-2015;1290
07-08-2015;1277,2
11-08-2015;1277,2
12-08-2015;1250
14-08-2015;1245
17-08-2015;1240
18-08-2015;1230
20-08-2015;1225
21-08-2015;1222
24-08-2015;1210
25-08-2015;1227
26-08-2015;1200
27-08-2015;1210
28-08-2015;1197,5
31-08-2015;1200
01-09-2015;1186
02-09-2015;1180
03-09-2015;1190
04-09-2015;1150,1
08-09-2015;1138
10-09-2015;1138
11-09-2015;1136
14-09-2015;1128
15-09-2015;1120
16-09-2015;1135,4
17-09-2015;1175
21-09-2015;1160
22-09-2015;1150
23-09-2015;1150,1
24-09-2015;1150
25-09-2015;1137
28-09-2015;1099
29-09-2015;1113,5
30-09-2015;1135
01-10-2015;1125
02-10-2015;1149,3
05-10-2015;1149,3
06-10-2015;1115
07-10-2015;1115
08-10-2015;1115
13-10-2015;1076,8
14-10-2015;1090
15-10-2015;1105
16-10-2015;1095
19-10-2015;1093,8
20-10-2015;1070,1
21-10-2015;1075
22-10-2015;1090
23-10-2015;1100,1
26-10-2015;1144,9
27-10-2015;1119,7
28-10-2015;1130
29-10-2015;1120
30-10-2015;1130
02-11-2015;1130
03-11-2015;1090
04-11-2015;1115
05-11-2015;1100
06-11-2015;1080
09-11-2015;1080
10-11-2015;1080,1
11-11-2015;1100
13-11-2015;1099,4
17-11-2015;1070
18-11-2015;1070
19-11-2015;1090
20-11-2015;1090
23-11-2015;1095
24-11-2015;1090
25-11-2015;1089
26-11-2015;1055
27-11-2015;1089
30-11-2015;1060
01-12-2015;1060
02-12-2015;1058
03-12-2015;1050
04-12-2015;1050
07-12-2015;1049,9
09-12-2015;1049,9
10-12-2015;1055
11-12-2015;1053
14-12-2015;1049,9
15-12-2015;1040
16-12-2015;1039,9
17-12-2015;1039,9
18-12-2015;1040
21-12-2015;1045
22-12-2015;1036,1
23-12-2015;1040
28-12-2015;1030
29-12-2015;1030
30-12-2015;1021
04-01-2016;1030
05-01-2016;1010,2
06-01-2016;1010
07-01-2016;994,55
11-01-2016;990
12-01-2016;995
13-01-2016;990
14-01-2016;989,9
15-01-2016;989,9
18-01-2016;980
19-01-2016;980
20-01-2016;970
22-01-2016;970
25-01-2016;970
26-01-2016;970
27-01-2016;990
28-01-2016;990
29-01-2016;989,99
01-02-2016;953,75
02-02-2016;952,1
03-02-2016;955
04-02-2016;950
05-02-2016;950
08-02-2016;949,99
09-02-2016;944,98
10-02-2016;940
11-02-2016;950
15-02-2016;950
16-02-2016;970
17-02-2016;970
19-02-2016;980
22-02-2016;985
23-02-2016;986
24-02-2016;996
25-02-2016;1000
26-02-2016;1025
29-02-2016;1025
01-03-2016;1028,3
02-03-2016;1025
04-03-2016;1050
07-03-2016;1040
08-03-2016;1046,3
09-03-2016;1050,1
10-03-2016;1080
11-03-2016;1083,1
14-03-2016;1084,5
15-03-2016;1090,6
16-03-2016;1099
17-03-2016;1099
18-03-2016;1109
21-03-2016;1090
22-03-2016;1119
23-03-2016;1100
28-03-2016;1090
29-03-2016;1091
30-03-2016;1100,1
31-03-2016;1120
01-04-2016;1119,9
04-04-2016;1132
05-04-2016;1120
06-04-2016;1120
07-04-2016;1118,9
08-04-2016;1120
11-04-2016;1131
12-04-2016;1129,9
13-04-2016;1130
14-04-2016;1130
15-04-2016;1135
18-04-2016;1132,6
19-04-2016;1122
20-04-2016;1122
21-04-2016;1120
22-04-2016;1135
25-04-2016;1130
26-04-2016;1120
27-04-2016;1120
28-04-2016;1130,8
29-04-2016;1120
02-05-2016;1123
04-05-2016;1125
05-05-2016;1130
06-05-2016;1130
09-05-2016;1130
10-05-2016;1129,8
11-05-2016;1100
12-05-2016;1100
16-05-2016;1130
17-05-2016;1108,9
19-05-2016;1120
20-05-2016;1139
24-05-2016;1140
25-05-2016;1140,1
26-05-2016;1150
27-05-2016;1150
30-05-2016;1150
31-05-2016;1150,1
01-06-2016;1178,2
02-06-2016;1150,1
03-06-2016;1150
06-06-2016;1150,5
07-06-2016;1150,2
08-06-2016;1175,2
09-06-2016;1180
10-06-2016;1185
13-06-2016;1204
14-06-2016;1199
15-06-2016;1200
16-06-2016;1200
17-06-2016;1175
